title,abstract,authors,year,journal,doi,keywords
PROXIMITY TO SEABIRD COLONIES AND WATER AVAILABILITY SHAPE MOSS DISTRIBUTIONS IN ANTARCTICA,"UNDERSTANDING SPECIES DISTRIBUTIONS ACROSS ANTARCTICA IS CRUCIAL FOR BIODIVERSITY CONSERVATION UNDER CLIMATE CHANGE, BUT CONTINENTAL-SCALE ANALYSES OF KEY TERRESTRIAL SPECIES REMAIN SCARCE. HERE, WE MODELLED DISTRIBUTIONS OF 28 MOSS SPECIES ACROSS ANTARCTICA USING LOG-GAUSSIAN COX PROCESS MODELS AND ENVIRONMENTAL COVARIATES INCLUDING TOPOGRAPHIC WETNESS INDEX, DISTANCE TO SEABIRD COLONIES, AND TEMPERATURE. BROAD-SCALE DISTRIBUTIONS WERE PRIMARILY DRIVEN BY PROXIMITY TO SEABIRD COLONIES, WHILE SPECIES EXHIBITED DISTINCT RESPONSES TO WATER AVAILABILITY AND TEMPERATURE. SPECIES EXCLUSIVE TO MARITIME ANTARCTICA SHOWED NEGATIVE RELATIONSHIPS WITH A TOPOGRAPHIC WETNESS INDEX, WHEREAS CONTINENT-WIDE SPECIES RESPONDED POSITIVELY TO WATER ACCUMULATION POTENTIAL, REFLECTING REGIONAL DIFFERENCES IN WATER AVAILABILITY AND HABITAT PREFERENCES. BIAS-CORRECTED PREDICTIONS REVEALED HIGHEST MOSS DIVERSITY IN COASTAL REGIONS, WITH INLAND AREAS SUPPORTING ECOLOGICALLY DISTINCT ASSEMBLAGES. OUR BAYESIAN MODELLING APPROACH PROVIDES A FOUNDATION FOR FORECASTING BIODIVERSITY RESPONSES TO ENVIRONMENTAL CHANGE IN DATA-POOR SYSTEMS, OFFERING CRITICAL INSIGHTS FOR EVIDENCE-BASED CONSERVATION PLANNING UNDER INCREASING ANTHROPOGENIC PRESSURES.",KOERICH G;LAI HR;LEE CK;MORGAN FJ;TONKIN JD,2026,ECOGRAPHY,10.1002/ecog.08166,ANTARCTIC ECOLOGY; BAYESIAN MODELLING; BIOGEOGRAPHY; BRYOPHYTES; SPECIES DISTRIBUTION MODELLING
QUANTIFYING EARTH SYSTEM INTERACTIONS FOR SUSTAINABLE FOOD PRODUCTION VIA EXPERT ELICITATION,"SEVERAL SAFE BOUNDARIES OF CRITICAL EARTH SYSTEM PROCESSES HAVE ALREADY BEEN CROSSED DUE TO HUMAN PERTURBATIONS; NOT ACCOUNTING FOR THEIR INTERACTIONS MAY FURTHER NARROW THE SAFE OPERATING SPACE FOR HUMANITY. USING EXPERT KNOWLEDGE ELICITATION, WE EXPLORED INTERACTIONS AMONG SEVEN VARIABLES REPRESENTING EARTH SYSTEM PROCESSES RELEVANT TO FOOD PRODUCTION, IDENTIFYING MANY INTERACTIONS LITTLE EXPLORED IN EARTH SYSTEM LITERATURE. WE FOUND THAT GREEN WATER AND LAND SYSTEM CHANGE AFFECT OTHER EARTH SYSTEM PROCESSES STRONGLY, WHILE LAND, FRESHWATER AND OCEAN COMPONENTS OF BIOSPHERE INTEGRITY ARE THE MOST IMPACTED BY OTHER EARTH SYSTEM PROCESSES, MOST NOTABLY BLUE WATER AND BIOGEOCHEMICAL FLOWS. WE ALSO MAPPED A COMPLEX NETWORK OF MECHANISMS MEDIATING THESE INTERACTIONS AND CREATED A FUTURE RESEARCH PRIORITIZATION SCHEME BASED ON INTERACTION STRENGTHS AND EXISTING KNOWLEDGE GAPS. OUR STUDY IMPROVES THE UNDERSTANDING OF EARTH SYSTEM INTERACTIONS, WITH SUSTAINABILITY IMPLICATIONS INCLUDING IMPROVED EARTH SYSTEM MODELLING AND MORE EXPLICIT BIOPHYSICAL LIMITS FOR FUTURE FOOD PRODUCTION. DETERMINING THE SAFE OPERATING SPACE FOR SUSTAINABLE FOOD PRODUCTION DEPENDS ON THE INTERACTIONS OF MULTIPLE PROCESSES WITHIN THE EARTH SYSTEM. EXPERT KNOWLEDGE PROVIDES CRITICAL INSIGHT INTO HOW THESE PROCESSES INTERACT THAT IMPROVES EARTH SYSTEM MODELLING AND OUR UNDERSTANDING OF THE LIMITS OF GLOBAL FOOD PRODUCTION.",CHRYSAFI A;VIRKKI V;JALAVA M;SANDSTRÖM V;PIIPPONEN J;PORKKA M;LADE SJ;LA MERE K;WANG-ERLANDSSON L;SCHERER L;ANDERSEN LS;BENNETT E;BRAUMAN KA;COOPER GS;DE PALMA A;DÖLL P;DOWNING AS;DUBOIS TC;FETZER I;FULTON EA;GERTEN D;JAAFAR H;JÄGERMEYR J;JARAMILLO F;JUNG M;KAHILUOTO H;LASSALETTA L;MACKAY AW;MASON-D'CROZ D;MEKONNEN MM;NASH KL;PASTOR A;RAMANKUTTY N;RIDOUTT B;SIEBERT S;SIMMONS B;STAAL A;SUN ZX;TOBIAN A;USUBIAGA-LIAÑO A;VAN DER ENT RJ;VAN SOESBERGEN A;VERBURG PH;WADA Y;ZIPPER S;KUMMU M,2022,NATURE SUSTAINABILITY,10.1038/s41893-022-00940-6,NA
"PERFORMANCE OF DEEP-SEA HABITAT SUITABILITY MODELS ASSESSED USING INDEPENDENT DATA, AND IMPLICATIONS FOR USE IN AREA-BASED MANAGEMENT","MARINE SPATIAL MANAGEMENT REQUIRES ACCURATE DATA ON SPECIES AND HABITAT DISTRIBUTIONS. FOR THE DEEP SEA, THESE DATA ARE LACKING. HABITAT SUITABILITY MODELLING OFFERS A ROBUST DEFENSIBLE MEANS TO FILL DATA GAPS, PROVIDED MODELS ARE SUFFICIENTLY RELIABLE. WE TESTED THE PERFORMANCE OF PUBLISHED MODELS OF 2 DEEP-SEA HABITAT-FORMING TAXA AT LOW AND HIGH RESOLUTIONS (SIMILAR TO 1 KM AND 200 M GRID-CELL SIZE), ACROSS THE EXTENDED EXCLUSIVE ECONOMIC ZONES OF THE UK AND IRELAND. WE CONSTRUCTED NEW DATA-RICH MODELS AND COMPARED NEW AND OLD ESTIMATES OF THE AREA OF HABITAT PROTECTED, NOTING CHANGES IN THE PROTECTED AREA NETWORK SINCE 2015. RESULTS OF INDEPENDENT VALIDATION SUGGEST THAT ALL PUBLISHED MODELS PERFORM WORSE THAN EXPECTED CONSIDERING ORIGINAL CROSS-VALIDATION RESULTS, BUT MODEL PERFORMANCE IS STILL GOOD OR FAIR FOR DESMOPHYLLUM PERTUSUM REEF, WITH POORER PERFORMANCE FOR PHERONEMA CARPENTERI SPONGE MODELS. HIGH-RESOLUTION MODELS USING MULTIBEAM DATA OUT-PERFORM LOW-RESOLUTION GEBCO-BASED MODELS. NEWLY CONSTRUCTED MODELS ARE GOOD TO EXCELLENT ACCORDING TO CROSS VALIDATION. NEW MODEL SPATIAL PREDICTIONS REFLECT PUBLISHED MODELS, BUT WITH A SIGNIFICANT REDUCTION IN PREDICTED EXTENT. THE CURRENT MARINE PROTECTED AREA NETWORK AND THE EUROPEAN UNION BAN ON BOTTOM TRAWLING BELOW 800 M PROTECT 40 AND 60% OF D. PERTUSUM REEF-SUITABLE HABITAT, RESPECTIVELY, AND 11 AND 100% OF P. CARPENTERI-SUITABLE HABITAT, RESPECTIVELY, WITHIN THE MODEL DOMAIN. WE CONCLUDE THAT HIGH-RESOLUTION MODELS OF D. PERTUSUM REEF DISTRIBUTION ARE A USEFUL TOOL IN SPATIAL MANAGEMENT. THE POORER PERFORMING P. CARPENTERI MODEL INDICATES AREAS FOR MORE DETAILED STUDY. WHILE LOW-RESOLUTION MODELS CAN PROVIDE CONSERVATIVE ESTIMATES OF PERCENTAGE AREA-BASED CONSERVATION TARGETS FOLLOWING THE PRECAUTIONARY PRINCIPLE, HIGH-RESOLUTION SEA-FLOOR MAPPING SUPPORTS THE DEVELOPMENT OF BETTER-PERFORMING MODELS.",HOWELL KL;BRIDGES AE;GRAVES KP;ALLCOCK L;LA BIANCA G;VENTURA-COSTA C;DONALDSON S;DOWNIE AL;FUREY T;MCGRATH F;ROSS R,2022,MARINE ECOLOGY PROGRESS SERIES,10.3354/meps14098,DEEP SEA; HABITAT SUITABILITY MODELLING; SPECIES DISTRIBUTION MODELLING; MARINE CONSERVATION; MARINE SPATIAL PLANNING; PHERONEMA CARPENTERI; DESMOPHYLLUM PERTUSUM
MOVING TOWARD A STRATEGY FOR ADDRESSING CLIMATE DISPLACEMENT OF MARINE RESOURCES: A PROOF-OF-CONCEPT,"REALISTIC PREDICTIONS OF CLIMATE CHANGE EFFECTS ON NATURAL RESOURCES ARE CENTRAL TO ADAPTATION POLICIES THAT TRY TO REDUCE THESE IMPACTS. HOWEVER, MOST CURRENT FORECASTING APPROACHES DO NOT INCORPORATE SPECIES-SPECIFIC, PROCESS-BASED BIOLOGICAL INFORMATION, WHICH LIMITS THEIR ABILITY TO INFORM ACTIONABLE STRATEGIES. MECHANISTIC APPROACHES, INCORPORATING QUANTITATIVE INFORMATION ON FUNCTIONAL TRAITS, CAN POTENTIALLY PREDICT SPECIES- AND POPULATION-SPECIFIC RESPONSES THAT RESULT FROM THE CUMULATIVE IMPACTS OF SMALL-SCALE PROCESSES ACTING AT THE ORGANISMAL LEVEL, AND CAN BE USED TO INFER POPULATION-LEVEL DYNAMICS AND INFORM NATURAL RESOURCES MANAGEMENT. HERE WE PRESENT A PROOF-OF-CONCEPT STUDY USING THE EUROPEAN ANCHOVY AS A MODEL SPECIES THAT SHOWS HOW A TRAIT-BASED, MECHANISTIC SPECIES DISTRIBUTION MODEL CAN BE USED TO EXPLORE THE VULNERABILITY OF MARINE SPECIES TO ENVIRONMENTAL CHANGES, PRODUCING QUANTITATIVE OUTPUTS USEFUL FOR INFORMING FISHERIES MANAGEMENT. WE CROSSED SCENARIOS OF TEMPERATURE AND FOOD TO GENERATE QUANTITATIVE MAPS OF SELECTED MECHANISTIC MODEL OUTCOMES (E.G., MAXIMUM LENGTH AND TOTAL REPRODUCTIVE OUTPUT). THESE RESULTS HIGHLIGHT CHANGING PATTERNS OF SOURCE AND SINK SPAWNING AREAS AS WELL AS THE INCIDENCE OF REPRODUCTIVE FAILURE. THIS STUDY DEMONSTRATES THAT MODEL PREDICTIONS BASED ON FUNCTIONAL TRAITS CAN REDUCE THE DEGREE OF UNCERTAINTY WHEN FORECASTING FUTURE TRENDS OF FISH STOCKS. HOWEVER, TO BE EFFECTIVE THEY MUST BE BASED ON HIGH SPATIAL- AND TEMPORAL RESOLUTION ENVIRONMENTAL DATA. SUCH A SENSITIVE AND SPATIALLY EXPLICIT PREDICTIVE APPROACH MAY BE USED TO INFORM MORE EFFECTIVE ADAPTIVE MANAGEMENT STRATEGIES OF RESOURCES IN NOVEL CLIMATIC CONDITIONS.",MANGANO MC;MIESZKOWSKA N;HELMUTH B;DOMINGOS T;SOUSA T;BAIAMONTE G;BAZAN G;CUTTITTA A;FIORENTINO F;GIACOLETTI A;JOHNSON M;LUCIDO GD;MARCELLI M;MARTELLUCCI R;MIRTO S;PATTI B;PRANOVI F;WILLIAMS GA;SARÀ G,2020,FRONTIERS IN MARINE SCIENCE,10.3389/fmars.2020.00408,CLIMATE-INFORMED MANAGEMENT; DYNAMIC ENERGY BUDGET MODEL; ENGRAULIS ENCRASICOLUS; LIFE-HISTORY TRAITS; SCENARIOS; TEMPERATURE INCREASE
"NICHE MODELLING OF THE POTENTIAL DISTRIBUTION OF THE EGYPTIAN VULTURE NEOPHRON PERCNOPTERUS DURING SUMMER AND WINTER IN IRAN, TO IDENTIFY GAPS IN PROTECTED AREA COVERAGE","AN ANALYSIS OF THE EXTENT OF OVERLAP BETWEEN HABITATS OF THE EGYPTIAN VULTURE NEOPHRON PERCNOPTERUS DURING SUMMER AND WINTER IN IRAN, AND IRANIAN PROTECTED AREAS, DISCOVERED SLIGHT OVERLAP BETWEEN THE TWO. OUR STUDY AIMED TO SURVEY SUITABLE HABITATS OF THE EGYPTIAN VULTURE DURING SUMMER AND WINTER IN IRAN USING MAXENT, A SPECIES DISTRIBUTION MODELLING METHOD, AND COMPARE THE RESULTS WITH THE LOCATIONS AND SPAN OF PROTECTED AREAS. MODEL FITNESS WAS ASSESSED USING THE AREA UNDER THE ROC-PLOT AND TRUE SKILL STATISTICS. WE FOUND THAT HABITAT SUITABILITY IN IRAN VARIES FOR THE EGYPTIAN VULTURE DURING SUMMER AND WINTER. SUMMER VISITORS ARE SCATTERED IN THE NORTH AND WEST OF IRAN, CONCENTRATED ALONG THE ZAGROS AND ALBORZ MOUNTAIN RANGES. WINTER VISITORS AND RESIDENTS ARE SCATTERED IN COASTAL AREAS IN THE SOUTH. HABITAT PROTECTION FOR WINTER VISITORS WAS THE GREATEST, WITH 10% OF SUITABLE HABITAT COVERED, WHILE LESS THAN 10% OF SUITABLE HABITAT FOR RESIDENTS AND SUMMER VISITORS FELL WITHIN PROTECTED AREAS. THE EGYPTIAN VULTURE IS CATEGORISED AS 'ENDANGERED' ON THE IUCN RED LIST. DIFFERENT ENVIRONMENTAL FACTORS INFLUENCE THE SUITABILITY OF HABITAT FOR THE SPECIES. WHILE SOME FACTORS SUCH AS NDVI AND ANTHROPOGENIC DISTURBANCE INFLUENCE ALL VISITORS IN A SIMILAR WAY, THE EFFECTS OF OTHERS SUCH AS ELEVATION AND DISTANCE FROM PROTECTED AREAS VARY FOR SUMMER AND WINTER VISITORS. SINCE DESIGNATION OF PROTECTED AREAS IN IRAN IS MAINLY DETERMINED BY THE DISTRIBUTION OF MAMMAL SPECIES, PROTECTION OF BIRD HABITATS IS OFTEN OVERLOOKED. SUITABLE HABITAT FOR THE SPECIES SHOULD BE CONSIDERED WHEN SELECTING PROTECTED AREAS IN FUTURE.",FARASHI A;ALIZADEH-NOUGHANI M,2019,BIRD CONSERVATION INTERNATIONAL,10.1017/S0959270918000278,NA
DESIGNING MPAS FOR FOOD SECURITY IN OPEN-ACCESS FISHERIES,"FOOD SECURITY REMAINS A PRINCIPAL CHALLENGE IN THE DEVELOPING TROPICS WHERE COMMUNITIES RELY HEAVILY ON MARINE-BASED PROTEIN. WHILE SOME IMPROVEMENTS IN FISHERIES MANAGEMENT HAVE BEEN MADE IN THESE REGIONS, A LARGE FRACTION OF COASTAL FISHERIES REMAIN UNMANAGED, MISMANAGED, OR USE ONLY CRUDE INPUT CONTROLS. THESE QUASI-OPEN-ACCESS CONDITIONS OFTEN LEAD TO SEVERE OVERFISHING, DEPLETED STOCKS, AND COMPROMISED FOOD SECURITY. A POSSIBLE FISHERY MANAGEMENT APPROACH IN THESE INSTITUTION-POOR SETTINGS IS TO IMPLEMENT FULLY PROTECTED MARINE PROTECTED AREAS (MPAS). ALTHOUGH THE PRIMARY PUSH FOR MPAS HAS BEEN TO SOLVE THE CONSERVATION PROBLEMS THAT ARISE FROM MISMANAGEMENT, MPAS CAN ALSO BENEFIT FISHERIES BEYOND THEIR BORDERS. THE LITERATURE HAS NOT COMPLETELY CHARACTERIZED HOW TO DESIGN MPAS UNDER DIVERSE ECOLOGICAL AND ECONOMIC CONDITIONS WHEN FOOD SECURITY IS THE OBJECTIVE. WE INTEGRATED FOUR KEY BIOLOGICAL AND ECONOMIC VARIABLES (I.E., FISH POPULATION GROWTH RATE, FISH MOBILITY, FISH PRICE, AND FISHING COST) AS WELL AS AN IMPORTANT ASPECT OF RESERVE DESIGN (MPA SIZE) INTO A GENERAL MODEL AND DETERMINED THEIR COMBINED INFLUENCE ON FOOD SECURITY WHEN MPAS ARE IMPLEMENTED IN AN OPEN-ACCESS SETTING. WE EXPLICITLY MODELED OPEN-ACCESS CONDITIONS THAT ACCOUNT FOR THE BEHAVIORAL RESPONSE OF FISHERS TO THE MPA; THIS APPROACH IS DISTINCT FROM MUCH OF THE LITERATURE THAT FOCUSES ON ASSUMPTIONS OF ""SCORCHED EARTH"" (I.E., SEVERE OVER-FISHING), OPTIMIZED MANAGEMENT, OR AN ARBITRARILY DEFINED FISHING MORTALITY OUTSIDE THE MPA'S BOUNDARIES. WE FOUND THAT THE MPA SIZE THAT OPTIMIZES CATCH DEPENDS STRONGLY ON ECONOMIC VARIABLES. LARGE MPAS OPTIMIZE CATCH FOR SPECIES HEAVILY HARVESTED FOR THEIR HIGH VALUE AND/OR LOW HARVESTING COST, WHILE SMALL MPAS OR NO CLOSURE ARE BEST FOR SPECIES LIGHTLY HARVESTED FOR THEIR LOW VALUE AND HIGH HARVESTING COST. CONTRARY TO PREVIOUS THEORETICAL EXPECTATIONS, BOTH HIGH AND LOW MOBILITY SPECIES ARE EXPECTED TO EXPERIENCE CONSERVATION BENEFITS FROM PROTECTION, ALTHOUGH, AS SHOWN PREVIOUSLY, GREATER CONSERVATION BENEFITS ARE EXPECTED FOR LOW MOBILITY SPECIES. FOOD SECURITY BENEFITS FROM MPAS CAN BE OBTAINED FROM SPECIES OF ANY MOBILITY. RESULTS DELIVER BOTH QUALITATIVE INSIGHTS AND QUANTITATIVE GUIDANCE FOR DESIGNING MPAS FOR FOOD SECURITY IN OPEN-ACCESS FISHERIES.",CABRAL RB;HALPERN BS;LESTER SE;WHITE C;GAINES SD;COSTELLO C,2019,SCIENTIFIC REPORTS,10.1038/s41598-019-44406-w,NA
HOW PARAMETER SPECIFICATION OF AN EARTH SYSTEM MODEL OF INTERMEDIATE COMPLEXITY INFLUENCES ITS CLIMATE SIMULATIONS,"EARTH SYSTEM MODELS (ESMS) CONSIST OF PARAMETERIZATION SCHEMES BASED ON ONE'S PERCEPTION OF HOW THE EARTH SYSTEM FUNCTIONS. A TYPICAL ESM CONTAINS A LARGE NUMBER OF PARAMETERS (I.E., THE CONSTANTS AND EXPONENTS IN THE PARAMETERIZATION SCHEMES) WHOSE SPECIFICATION CAN HAVE A SIGNIFICANT IMPACT ON AN ESM'S SIMULATION CAPABILITIES. SENSITIVITY ANALYSES (SA) IS AN IMPORTANT TOOL FOR ASSESSING HOW PARAMETER SPECIFICATION INFLUENCES MODEL SIMULATIONS. IN THIS STUDY, WE USED AN EARTH SYSTEM MODEL OF INTERMEDIATE COMPLEXITY (EMIC)LOVECLIM AS AN EXAMPLE TO ILLUSTRATE HOW SA METHODS CAN BE USED TO IDENTIFY THE MOST SENSITIVE PARAMETERS THAT CONTROL THE SIMULATIONS OF SEVERAL KEY GLOBAL WATER AND ENERGY CYCLE VARIABLES, INCLUDING GLOBAL ANNUAL MEAN ABSOLUTE SURFACE AIR TEMPERATURE (T-G), PRECIPITATION AND EVAPORATION OVER THE LAND AND OVER THE OCEANS (P-L, P-O, E-L, E-O), AND LAND RUNOFF (R-L). WE ALSO DEMONSTRATE HOW JUDICIOUSLY SPECIFYING MODEL PARAMETERS CAN IMPROVE THE SIMULATIONS OF THOSE VARIABLES. THREE SA METHODS MARS, RF, AND SPARSE PCE-BASED SOBOL' METHOD WERE USED TO EVALUATE A POOL OF 25 ADJUSTABLE PARAMETERS CHOSEN FROM LAND, ATMOSPHERE, AND OCEAN COMPONENTS OF LOVECLIM AND THEIR RESULTS WERE INTERCOMPARED TO ENSURE ROBUSTNESS OF THE RESULTS. IT IS FOUND THAT WITH DIFFERENT PARAMETER SPECIFICATION, T-G CAN VARY FROM 10 TO 20 DEGREES C, AND THE VALUES OF P-L, P-O, E-L, AND E-O CAN CHANGE BY MORE THAN 100%. AN INTERESTING OBSERVATION IS THAT THE VALUE OF R-L VARY FROM 13,000 TO 35,000KM(3), FAR BELOW THE OBSERVED CLIMATOLOGICAL VALUE OF 40,000KM(3), INDICATING A MODEL STRUCTURAL DEFICIENCY IN REPRESENTING LAND RUNOFF BY LOVECLIM WHICH MUST BE CORRECTED TO OBTAIN MORE REASONABLE GLOBAL WATER BUDGETS. WE ALSO NOTE THAT PARAMETER SENSITIVITIES ARE SIGNIFICANTLY DIFFERENT AT DIFFERENT LATITUDES. FINALLY, WE SHOWED THAT GLOBAL WATER AND ENERGY CYCLE SIMULATIONS CAN BE SIGNIFICANTLY IMPROVED BY EVEN A CRUDE AUTOMATIC PARAMETER TUNING, INDICATING THAT PARAMETER OPTIMIZATION CAN BE A VIABLE WAY TO IMPROVE ESM CLIMATE SIMULATIONS. THE RESULTS FROM THIS STUDY SHOULD HELP US TO UNDERSTAND THE PARAMETER UNCERTAINTY OF A FULL-SCALE ESM.",SHI YH;GONG W;DUAN QY;CHARLES J;XIAO CD;WANG H,2019,PROGRESS IN EARTH AND PLANETARY SCIENCE,10.1186/s40645-019-0294-x,PARAMETER SENSITIVITY ANALYSIS; EARTH SYSTEM MODEL OF INTERMEDIATE COMPLEXITY; LOVECLIM; PARAMETRIC UNCERTAINTY
REDUCING THE RISK OF FISHERY RESOURCE DISASTERS: A BIOECONOMIC APPROACH TO SUSTAINABLE RESOURCE MANAGEMENT,"RECOGNITION IS GROWING THAT FISHERIES MUST BE BOTH ECOLOGICALLY AND COMMERCIALLY SUSTAINABLE. THE BIOECONOMIC MODELS PROPOSED HEREIN CONSTITUTE AN ANALYTIC FRAMEWORK CAPABLE OF INTEGRATING THE ETHICS AND SOCIETAL VALUES ASSOCIATED WITH FISHERIES PRESERVATION. SPECIFICALLY, WE FOCUS ON THE NORMALIZED OPTIMAL (EQUILIBRIUM) FISH POPULATION, Z*, A DIMENSIONLESS VARIABLE REPRESENTING BIOMASS AS A PROPORTION OF ENVIRONMENTAL CAPACITY. WE MODEL Z* AS A FUNCTION OF (A) THE DIMENSIONLESS ""BIONOMIC GROWTH RATIO"", GAMMA, WHICH IS THE RATIO OF THE DISCOUNT RATE TO THE INTRINSIC POPULATION GROWTH RATE, AND (B) THE PRESERVATION COEFFICIENT, Q, WHICH IS THE RATIO OF THE PRESERVATION VALUE (A MEASURE OF SOCIETY'S VALUE FOR THE STOCK) TO PRICE, ASSUMING THAT THE POPULATION GROWTH RATE AND INTRINSIC GROWTH RATE ARE FIXED. IT IS SHOWN THAT INCREASING Q SIGNIFICANTLY IMPACTS Z*, PARTICULARLY FOR MODERATE VALUES OF GAMMA (2 <= GAMMA <= 4). FINALLY, STOCHASTIC POPULATION MODELS ARE USED TO ANALYZE THE RISK OF A FISH STOCK COLLAPSE DUE TO HARVESTING PRESSURES. THE BIOECONOMIC MODELS AND SIMULATIONS HEREIN DESCRIBED IMPROVE THE ACCURACY AND RELIABILITY OF MAXIMUM SUSTAINABLE YIELD MANAGEMENT.",LEVY JK;KILGOUR DM;HIPEL KW,2006,JOURNAL OF THE AMERICAN WATER RESOURCES ASSOCIATION,10.1111/j.1752-1688.2006.tb06013.x,FISHERIES MANAGEMENT; OPTIMAL CONTROL THEORY; SIMULATION; STOCHASTIC MODELS; RISK ASSESSMENT; SUSTAINABILITY
A PROPOSED BIOGEOGRAPHY OF THE DEEP OCEAN FLOOR,"WHILE THERE ARE MANY GENERALIZED SCHEMES REPRESENTING THE BIOGEOGRAPHIC DISTRIBUTION OF LIFE IN THE DEEP SEA, REVIEWED HERE, A COMPREHENSIVE ANALYSIS HAS NOT BEEN UNDERTAKEN SINCE VINOGRADOVA (1979, 1997) FOR THE ABYSSAL AND BELYAEV (1989) FOR THE HADAL. THE PURPOSE OF THIS PAPER IS TO PROPOSE GLOBAL BIOGEOGRAPHIC PROVINCES FOR THE LOWER BATHYAL AND ABYSSAL BENTHOS (>800 M DEPTHS) IN ORDER TO AID HIGH SEAS MANAGEMENT EFFORTS. BIOLOGICAL SAMPLES FROM THESE DEPTHS ARE SPARSE SO DELINEATION OF BIOGEOGRAPHIC PROVINCES WAS INITIALLY HYPOTHESIZED USING OCEANOGRAPHIC PROXIES, AND EXAMINED WITH DOCUMENTED LOCATIONS OF SELECT BENTHIC MARINE SPECIES. THESE BIOGEOGRAPHIC PROVINCES WERE FIRST DEVELOPED IN 2009 VIA AN EXPERT CONSULTATION WORKSHOP TO DELINEATE BIOGEOGRAPHIC PROVINCES IN OFFSHORE REGIONS - THE GLOBAL OPEN OCEAN AND DEEP SEA (GOODS) CLASSIFICATION. WE HAVE REFINED THE GOODS DEEP-SEA CLASSIFICATION BY INCORPORATING ADDITIONAL HIGH-RESOLUTION HYDROGRAPHIC AND ORGANIC-MATTER FLUX DATA FOR THE SEAFLOOR. WATER MASS CHARACTERISTICS (TEMPERATURE AND SALINITY) AND PARTICULATE ORGANIC FLUX TO THE SEAFLOOR WERE THE STRONGEST DETERMINANTS IN THE FINAL DELINEATION OF PROVINCIAL BOUNDARIES. THIS PROCESS RESULTED IN THE DELINEATION OF 14 LOWER BATHYAL AND 14 ABYSSAL PROVINCES. THE BATHYAL AND ABYSSAL CLASSIFICATIONS PRESENTED HERE SHOULD BE USED WITH OTHER MANAGEMENT TOOLS AND ANALYSES (E.G., PREDICTIVE HABITAT MODELING, SEAMOUNT CLASSIFICATIONS, ETC.) TO HELP DETERMINE WHERE MARINE PROTECTED AREAS SHOULD BE PLACED AND TO MINIMIZE THE NEGATIVE IMPACTS OF COMMERCIAL ACTIVITIES IN THE HIGH SEAS. (C) 2012 ELSEVIER LTD. ALL RIGHTS RESERVED.",WATLING L;GUINOTTE J;CLARK MR;SMITH CR,2013,PROGRESS IN OCEANOGRAPHY,10.1016/j.pocean.2012.11.003,NA
ECONOMIC VALUE OF ECOLOGICAL INFORMATION IN ECOSYSTEM BASED NATURAL RESOURCE MANAGEMENT DEPENDS ON EXPLOITATION HISTORY,"ECOSYSTEM APPROACHES TO NATURAL RESOURCE MANAGEMENT ARE SEEN AS A WAY TO PROVIDE BETTER OUTCOMES FOR ECOSYSTEMS AND FOR PEOPLE, YET THE NATURE AND STRENGTH OF INTERACTIONS AMONG ECOSYSTEM COMPONENTS IS USUALLY UNKNOWN. HERE WE CHARACTERIZE THE ECONOMIC BENEFITS OF ECOLOGICAL KNOWLEDGE THROUGH A SIMPLE MODEL OF FISHERIES THAT TARGET A PREDATOR (PISCIVORE) AND ITS PREY. WE SOLVE FOR THE MANAGEMENT (HARVEST) TRAJECTORY THAT MAXIMIZES NET PRESENT VALUE (NPV) FOR DIFFERENT ECOLOGICAL INTERACTIONS AND INITIAL CONDITIONS THAT REPRESENT DIFFERENT LEVELS OF EXPLOITATION HISTORY. OPTIMAL MANAGEMENT TRAJECTORIES GENERALLY APPROACHED SIMILAR HARVEST LEVELS, BUT THE PATHWAYS TOWARD THOSE LEVELS VARIED CONSIDERABLY BY ECOLOGICAL SCENARIO. APPLICATION OF THE WRONG HARVEST TRAJECTORY, WHICH WOULD HAPPEN IF ONE TYPE OF ECOLOGICAL INTERACTION WERE ASSUMED BUT IN FACT ANOTHER WERE OCCURRING, GENERALLY LED TO ONLY MODEST REDUCTIONS IN NPV. HOWEVER, THE RISKS WERE NOT EQUAL ACROSS FLEETS: RISKS OF INCURRING LARGE LOSSES OF NPV AND MISSING MANAGEMENT TARGETS WERE MUCH HIGHER IN THE FISHERY TARGETING PISCIVORES, ESPECIALLY WHEN PISCIVORES WERE HEAVILY DEPLETED. OUR FINDINGS SUGGEST THAT THE ECOSYSTEM APPROACH MIGHT PROVIDE THE GREATEST BENEFITS WHEN USED TO IDENTIFY SYSTEM STATES WHERE MANAGEMENT PERFORMS POORLY WITH IMPERFECT KNOWLEDGE OF SYSTEM LINKAGES SO THAT MANAGEMENT STRATEGIES CAN BE ADOPTED TO AVOID THOSE STATES.",ESSINGTON TE;SANCHIRICO JN;BASKETT ML,2018,PROCEEDINGS OF THE NATIONAL ACADEMY OF SCIENCES OF THE UNITED STATES OF AMERICA,10.1073/pnas.1716858115,NATURAL RESOURCES; BIOECONOMIC MODELING; TRADE-OFFS; SUSTAINABLE FISHERIES; RISK
ACCLIMATION BY DIVERSE PHYTOPLANKTON SPECIES DETERMINES OCEANIC CARBON TO NITROGEN RATIOS,"THE CARBON TO NITROGEN (CN) RATIO OF PHYTOPLANKTON CONNECTS THE CARBON AND NITROGEN CYCLES IN THE OCEAN. ANY VARIATION IN THIS RATIO UNDER CLIMATE CHANGE WILL ALTER THE AMOUNT OF CARBON FIXED BY PHOTOSYNTHESIS, AND ULTIMATELY THE AMOUNT SEQUESTERED IN THE OCEAN. HOWEVER, A CONSISTENT MECHANISTIC EXPLANATION REMAINS LACKING FOR OBSERVED SPECIES-SPECIFIC VARIATIONS IN PHYTOPLANKTON CN RATIOS. WE SHOW THAT ACCLIMATION TO AMBIENT ENVIRONMENTAL CONDITIONS EXPLAINS THE OBSERVED VARIATION OF PHYTOPLANKTON CN RATIOS BY INCORPORATING PHYTOPLANKTON ACCLIMATION THEORY BASED ON A RESOURCE ALLOCATION TRADE-OFF BETWEEN CARBON VS. NITROGEN ACQUISITION CAPACITY INTO A THREE-DIMENSIONAL MARINE ECOSYSTEM MODEL. INTER-SPECIFIC DIFFERENCES IN CN RATIO AND ITS SENSITIVITY ARE CAUSED BY INTER-SPECIFIC DIFFERENCES IN DROOP'S MINIMUM NITROGEN CELL QUOTA. OUR MODEL, CONSTRAINED BY OBSERVED PHYTOPLANKTON PARAMETERS, SHOWS THAT THE GLOBAL MEAN PHYTOPLANKTON CN RATIO IS GREATER THAN THE CANONICAL REDFIELD RATIO, AS SUGGESTED PREVIOUSLY BASED ON REGIONAL IN SITU OBSERVATIONS.",MASUDA Y;YAMANAKA Y;SMITH SL;HIRATA T;NAKANO H;OKA A;SUMATA H;AITA MN,2023,LIMNOLOGY AND OCEANOGRAPHY LETTERS,10.1002/lol2.10304,NA
"HERRING AND THE ""EXXON VALDEZ"" OIL SPILL: AN INVESTIGATION INTO HISTORICAL DATA CONFLICTS","IT WAS GENERALLY BELIEVED THAT THE 1989 ""EXXON VALDEZ"" OIL SPILL DID NOT CAUSE THE COLLAPSE OF THE PRINCE WILLIAM SOUND PACIFIC HERRING (CLUPEA PALLASI) POPULATION BECAUSE OF A 4-YEAR GAP BETWEEN THE SPILL AND THE COLLAPSE. HOWEVER, WE NOTED IN A PREVIOUS PAPER THAT SOME DATA SUGGESTED AN EARLIER TIMING FOR THE HERRING DECLINE. WE EXAMINE HISTORICAL PATTERNS OF HERRING SPAWN, ANOMALIES IN HISTORICAL FISHERIES MODEL PREDICTIONS, CHANGES IN PREDATION BEHAVIOUR OF STELLER SEA LIONS (EUMETOPIAS JUBATUS), AND A DECADAL DATABASE OF ACOUSTIC MEASUREMENTS OF HERRING BIOMASS. BEHAVIOUR OF ADULT HERRING MAKES THEM ESPECIALLY VULNERABLE TO DAMAGE FROM OIL SPILLS, SOMETHING THAT WAS EITHER UNKNOWN OR MISUNDERSTOOD AT THE TIME OF THE SPILL. WE THEREFORE ARGUE THAT THE START OF THE HERRING DECLINE WAS COINCIDENT WITH THE OIL SPILL, AND THAT THE DECLINE TOOK PLACE OVER A 5-YEAR PERIOD, RATHER THAN THE SINGLE-YEAR COLLAPSE PREVIOUSLY REPORTED. ALTHOUGH A COMPREHENSIVE MANAGEMENT APPROACH IS NOW IN USE FOR HERRING, THE TOOLS WERE NOT IN PLACE AT THE TIME OF THE OIL SPILL OR THE SUBSEQUENT COLLAPSE.",THORNE RE;THOMAS GL,2008,ICES JOURNAL OF MARINE SCIENCE,10.1093/icesjms/fsm176,"ACOUSTIC SURVEY; AGE-STRUCTURED ASSESSMENT; ENVIRONMENTAL IMPACT ASSESSMENT; ""EXXON VALDEZ"" OIL SPILL; PACIFIC HERRING; PRINCE WILLIAM SOUND; STOCK ASSESSMENT"
THE TROPHIC ROLE OF THE ENDANGERED CARIBBEAN MANATEE TRICHECHUS MANATUS IN AN ESTUARY WITH LOW ABUNDANCE OF SEAGRASS,"CHETUMAL BAY IS A REFUGE FOR THE MANATEE, TRICHECHUS MANATUS, A LARGE AND STRICTLY HERBIVOROUS AQUATIC MAMMAL. THE ECOSYSTEM IS NOTORIOUSLY POOR IN SUBAQUATIC VEGETATION, THE MAIN COMPONENTS OF MANATEES' DIET. DUE TO THE CONSTANT PRESENCE OF MANATEES IN THE BAY AND THEIR ABILITY TO CONSUME LARGE VOLUMES OF PLANT MATERIAL, IT IS ASSUMED THAT THE SPECIES HAS A RELEVANT TROPHIC IMPACT ON THE SYSTEM. A MASS-BALANCE TROPHIC MODEL WAS DESIGNED TO DESCRIBE THE FLOWS OF ENERGY AND MATTER IN THE BAY, WITH THE GOAL OF ASSESSING THE ROLE OF MANATEES IN THE SYSTEM. THE SYSTEM WAS AGGREGATED IN EIGHT EFFECTIVE TROPHIC LEVELS. THE BIOMASS WAS INTENSELY CONCENTRATED IN THE DETRITUS, SUGGESTING THAT THE MATTER ON THE BOTTOM SEDIMENT IS THE MAIN REGULATOR OF THE ENERGY FLOW IN THE SYSTEM. PRIMARY PRODUCERS COMPRISED OF DETRITUS, MANGROVE, BENTHIC AUTOTROPHS, AND PHYTOPLANKTON. THE APEX PREDATORS WERE DOLPHINS AND LARGE PISCIVOROUS FISHES. MANATEES OCCUPIED THE TROPHIC LEVEL 2.0. MANATEES WERE DIRECTLY OR INDIRECTLY IMPACTED BY AUTOTROPHS, MANGROVE, AND DETRITUS; BUT THE COMPETITION BETWEEN MANATEES AND OTHER GROUPS WAS INSIGNIFICANT. IN COMPARISON TO OTHER ECOSYSTEMS WHERE MANATEES OCCUR, CHETUMAL BAY (BCH) HAS THE LOWEST RELATIVE BIOMASS OF SEAGRASSES. SEVERAL ECOLOGICAL AND BEHAVIORAL MECHANISMS TO COMPENSATE THE LACK OF MACROPHYTES BIOMASS (OR A COMBINATION OF SEVERAL) ARE SUGGESTED. ECOPATH WITH ECOSIM MODELS ARE USEFUL TO DESCRIBE THE FLOW OF ENERGY AND MATTER IN THE ECOSYSTEMS. HOWEVER, THERE ARE STILL CRITICAL GAPS IN THE KNOWLEDGE OF BCH AND ITS MANATEE POPULATION. IT IS DIFFICULT TO ASSESS THE UNCERTAINTY ASSOCIATED WITH THE ESTIMATES OBTAINED; THEREFORE, RESULTS SHOULD BE INTERPRETED WITH CAUTION. IMPROVING THIS PRELIMINARY MODEL WITH ROBUST LOCAL INFORMATION ON THE CHETUMAL BAY ECOLOGY AND ITS MANATEE POPULATION IS RECOMMENDED.",CASTELBLANCO-MARTÍNEZ DN;BARBA E;SCHMITTER-SOTO JJ;HERNÁNDEZ-ARANA HA;MORALES-VELA B,2012,ESTUARIES AND COASTS,10.1007/s12237-011-9420-8,MANATEE; CHETUMAL BAY; TROPHIC MODEL; GRAZING; ECOLOGY; ECOPATH WITH ECOSIM
INTRODUCTION TO THE RED SEA,"THE RED SEA, CHARACTERIZED BY A NUMBER OF UNIQUE OCEANOGRAPHIC AND BIOLOGICAL FEATURES, IS A HOTSPOT FOR CORAL REEF ECOLOGY. IT ALSO PROVIDED HUMANS FOR MILLENNIA, FROM THE EARLIEST RECORD OF HUMAN CONSUMPTION OF SEAFOOD TO ITS CURRENT ROLE AS AN IMPORTANT FISHING GROUND FOR THE SEVEN COUNTRIES ALONG ITS SHORES. CONTEMPORARY FISHERIES NEED MONITORING AND MANAGEMENT, AND CATCH DATA ARE CRUCIAL TO BOTH. HOWEVER, RELIABLE TIME-SERIES OF CATCH DATA ARE LACKING FOR MOST RED SEA FISHERIES. HERE, THE CATCHES OF RED SEA FISHERIES ARE 'RECONSTRUCTED' FROM 1950 TO 2010 BY COUNTRY (I.E., EGYPT, SUDAN, ERITREA, YEMEN, SAUDI ARABIA, JORDAN AND ISRAEL) AND SECTOR (ARTISANAL, SUBSISTENCE, INDUSTRIAL AND RECREATIONAL), AND IN TERMS OF THEIR SPECIES COMPOSITION. HISTORICAL DOCUMENTS, PUBLISHED AND UNPUBLISHED REPORTS AND OTHER GREY LITERATURE, DATABASES, FIELD SURVEYS, ANECDOTAL INFORMATION, INTERVIEWS, AND INFORMATION ON PROCESSED SEAFOOD PRODUCTS WERE USED AS SOURCES. WHEN RELIABLE DATA WERE AVAILABLE FOR A NUMBER OF YEARS, THEY WERE USED AS ANCHOR POINTS, AND MISSING YEARS WERE INTERPOLATED, BASED ON ASSUMPTIONS OF CONTINUITY, AND GIVEN THE BEST KNOWLEDGE OF THE FISHERIES AVAILABLE. THE RECONSTRUCTED CATCHES (WHICH ALSO INCLUDE DISCARDS) WERE COMPARED TO THE STATISTICS SUBMITTED BY THE ABOVE-MENTIONED COUNTRIES TO THE FOOD AND AGRICULTURAL ORGANIZATION (FAO) OF THE UNITED NATIONS. OVERALL, THE TOTAL RED SEA CATCH WAS LOW (AROUND 50,000 T.YEAR(-1)) UNTIL 1960, INCREASED TO A PEAK (AROUND 177,000 T) IN 1993, AND IS DECLINING SINCE. OVERALL, IT WAS 1.5 TIMES HIGHER THAN THE CATCH OFFICIALLY SUBMITTED TO FAO BY THE COUNTRIES BORDERING THE RED SEA. ARTISANAL FISHERIES GENERALLY CONTRIBUTED ABOUT HALF OF THE TOTAL RED SEA CATCH, WHILE THE COMPOSITION OF THE CATCH WAS EXTREMELY VARIED, WITH NO SINGLE SPECIES OR EVEN FAMILY DOMINATING. IN ADDITION TO THE NATIONAL CATCH RECONSTRUCTIONS, THE LOCAL (ARABIC) NAMES OF COMMON COMMERCIAL FISHES, AN ECOSYSTEM MODEL AND A TIME SERIES OF THE EFFORT ARE ALSO PRESENTED. THE RESULTING CATCH TRENDS PROVIDE CRUCIAL HISTORICAL RECORDS AND IMPORTANT GUIDANCE FOR THE DEVELOPMENT OF FUTURE FISHERIES MANAGEMENT POLICIES AIMING AT RESOURCE CONSERVATION AND SUSTAINING THE LIVELIHOODS OF THE COASTAL COMMUNITIES. EXTRA MATERIAL FOR THIS CHAPTER IS AVAILABLE FROM HTTP://EXTRAS.SPRINGER.COM/",TESFAMICHAEL D;PAULY D,2016,RED SEA ECOSYSTEM AND FISHERIES,10.1007/978-94-017-7435-2_1,CATCH TIME SERIES; MIS-REPORTED CATCH; CATCH COMPOSITION; ECOSYSTEM BASED MANAGEMENT; RED SEA
BEYOND BIG FISH: THE CASE FOR MORE DETAILED REPRESENTATIONS OF TOP PREDATORS IN MARINE ECOSYSTEM MODELS,"SEABIRDS AND MARINE MAMMALS ARE GENERALLY NOT WELL REPRESENTED IN MARINE ECOSYSTEM MODELS, DESPITE THE IMPORTANT ROLES THAT THESE GROUPS PLAY IN DETERMINING ECOSYSTEM DYNAMICS. THIS IS AN IMPORTANT GAP IN MODEL DEVELOPMENT, PARTICULARLY FOR END-TO-END ECOSYSTEM MODELS, WHICH ARE BECOMING INCREASINGLY IMPORTANT TOOLS FOR FISHERIES AND ECOSYSTEM BASED MANAGEMENT AND ASSESSMENT. EXAMINATION OF LARGE-SCALE AND WIDELY-APPLIED PELAGIC END-TO-END ECOSYSTEM MODELS INDICATES THAT REPRESENTATIONS OF PREDATORS ARE CURRENTLY BEST DEVELOPED FOR FISH GROUPS. THE METHODS FOR MODELLING SEABIRDS AND MARINE MAMMALS ON THE OTHER HAND, ARE LESS WELL DEVELOPED. THIS IS POTENTIALLY DUE TO THE CHALLENGES INVOLVED IN DATA COLLECTION AND IN REPRESENTING THE COMPLEX LIFE HISTORIES OF MANY OF THESE SPECIES. TO EXAMINE THE EFFECT THAT DIFFERENT REPRESENTATIONS OF HIGHER TROPHIC LEVEL PREDATORS MIGHT HAVE ON ECOSYSTEM MODEL PREDICTIONS, WE DEVELOPED A SET OF SIMPLE NESTED QUALITATIVE NETWORK MODELS AND EXAMINED THEIR RESPONSES TO PERTURBATIONS. RESPONSES DIFFERED BETWEEN MODELS ACROSS A RANGE OF TROPHIC LEVELS UNDER A SIMPLE SCENARIO FOR ENVIRONMENTAL CHANGE, HIGHLIGHTING THAT HOW PREDATORS ARE MODELLED CAN HAVE IMPLICATIONS FOR ECOSYSTEM-LEVEL PREDICTIONS. WE CONCLUDE WITH A DISCUSSION AROUND POTENTIAL APPROACHES FOR DEVELOPING MORE DETAILED REPRESENTATIONS OF PREDATOR GROUPS, AND SUGGEST INCORPORATING DYNAMIC ENERGY BUDGET THEORY IN INDIVIDUAL-BASED MODELS TO REPRESENT HIGHER TROPHIC LEVEL PREDATORS WITH MORE COMPLEX LIFE HISTORIES. (C) 2017 ELSEVIER B.V. ALL RIGHTS RESERVED.",GOEDEGEBUURE M;MELBOURNE-THOMAS J;CORNEY SP;HINDELL MA;CONSTABLE AJ,2017,ECOLOGICAL MODELLING,10.1016/j.ecolmodel.2017.04.004,MARINE ECOSYSTEM MODELLING; TOP PREDATORS; END-TO-END ECOSYSTEM MODELS; INDIVIDUAL-BASED MODELS; DYNAMIC ENERGY BUDGET THEORY
ANTHROPOGENIC BARRIERS LIMIT FISH ACCESS TO ESSENTIAL HABITATS IN THE AMAZON IN THE FACE OF CLIMATE CHANGE,"BARRIERS REPRESENT ONE OF THE GREATEST THREATS TO RIVER INTEGRITY AND FRESHWATER FISH, AS THEY FRAGMENT HABITATS AND IMPAIR SPECIES DISPERSAL, PARTICULARLY IN A SCENARIO OF CLIMATE CHANGE. IN THIS CONTEXT, WE APPLIED A NOVEL FRAMEWORK THAT COMBINED PREDICTIONS OF SPECIES DISTRIBUTION MODELS WITH A RIVER CONNECTIVITY INDEX TO IDENTIFY ACCESSIBLE AND CLIMATIC-ENVIRONMENTAL SUITABLE HABITATS FOR FRUGIVOROUS AND SOCIOECONOMICALLY IMPORTANT FISH IN THE AMAZON BASIN. WE ALSO RANKED DAMS BASED ON THEIR POTENTIAL FOR RIVER FRAGMENTATION AND BLOCKING ACCESS TO CLIMATE REFUGE FOR FISH SPECIES THAT PROVIDE ESSENTIAL ECOSYSTEM FUNCTIONS AND SERVICES IN THE AMAZON. OUR RESULTS REVEALED THAT THERE ARE STILL EXTENSIVE AREAS THAT REMAIN BOTH CONNECTED AND CLIMATIC-ENVIRONMENTALLY SUITABLE ALONG THE AMAZON-SOLIM & OTILDE;ES RIVERS, ACTING AS CORE AREAS FOR FISH DISPERSAL AND TRACKING SUITABLE HABITATS. HOWEVER, THE PLANNED EXPANSION OF HYDROPOWER INFRASTRUCTURE COMBINED WITH CLIMATE CHANGE CAN LEAD TO A CONTRACTION OF AREAS THAT WILL REMAIN SIMULTANEOUSLY CLIMATIC-ENVIRONMENTAL SUITABLE AND CONNECTED. BY IDENTIFYING AND RANKING THE MOST IMPACTFUL BARRIERS, OUR RESULTS CAN PROVIDE INNOVATIVE AND APPLICABLE INFORMATION FOR SUSTAINABLE ENERGY PLANNING DECISIONS IN THE AMAZON. THESE RESULTS CAN INFORM POLICIES AND CONSERVATION ACTIONS AIMED AT PRESERVING RIVER CONNECTIVITY, BIODIVERSITY, AND ECOSYSTEM SERVICES UNDER RAPIDLY CHANGING CONDITIONS.",YOFUKUJI KY;FABRIN TMC;STABILE BHM;AGOSTINHO AA;JÉZÉQUEL C;BATISTA-SILVA VF;ESSER LF;FERREIRA JHD;RÉ R;TEDESCO PA;AZEVEDO JC;BAILLY D,2026,GLOBAL CHANGE BIOLOGY,10.1111/gcb.70685,BARRIER PRIORITIZATION; DAMS; FRAGMENTATION; FRESHWATER FISH; RANGE SHIFT; SPECIES DISTRIBUTION MODELING
A FRAMEWORK FOR SIMULATING ECOSYSTEM EFFECTS IN DATA-POOR SMALL-SCALE FISHERIES USING SCIENCE-BASED AND LOCAL ECOLOGICAL KNOWLEDGE-BASED MODELS,"THE CONSTANT DEMAND FOR SEAFOOD PRODUCTS AND THE UNDENIABLE EFFECTS OF FISHING ON MARINE ECOSYSTEMS MAKE IT URGENT TO IMPLEMENT AN ECOSYSTEM APPROACH, EVEN IN DATA-POOR SCENARIOS SUCH AS SMALL-SCALE FISHERIES. UNDERSTANDING THE IMPACTS OF FISHING IS ESSENTIAL FOR PROMOTING MANAGEMENT STRATEGIES THAT PREVENT IRREVERSIBLE DAMAGE TO MARINE ECOSYSTEMS. THUS, ECOSYSTEM QUANTITATIVE SCIENCE-BASED MODELS HAVE BEEN FREQUENTLY USED TO EVALUATE THE EFFECTS OF FISHING, ALTHOUGH FISHERS' LOCAL ECOLOGICAL KNOWLEDGE (LEK) CAN AID THE IMPLEMENTATION OF QUALITATIVE MODELS, PARTICULARLY IN DATA-POOR CONDITIONS. HERE, WE PRESENT A FRAMEWORK FOR SIMULATING AND ASSESSING THE EFFECTS OF FISHING FOLLOWING TWO STRATEGIES: (1) FOR BOTH TYPES OF MODELS, WE SIMULATED SPECIES REMOVAL SCENARIOS, AND (2) FOR QUANTITATIVE SCIENCE-BASED MODELS, WE FITTED TIME SERIES TO DYNAMICALLY ASSESSED IMPACTS. THE IMPACTS WERE ANALYZED THROUGH ECOLOGICAL INDICATORS COMMONLY USED FOR QUANTITATIVE MODELS, AND BECAUSE THESE INDICATORS CANNOT BE EASILY ESTIMATED FOR QUALITATIVE MODELS, WE PROPOSE THE USE OF TOPOLOGICAL INDICATORS IN BOTH TYPES OF MODELS. THE APPROACH WAS APPLIED TO THREE CASE STUDIES OF SMALL-SCALE FINFISH FISHERIES IN NORTHWESTERN MEXICO. WE FOUND THAT THE ECOSYSTEM RESPONSE TO SPECIES REMOVAL WAS DIFFERENT IN EACH CASE STUDY AND THAT THE TARGET SPECIES CAN PLAY AN IMPORTANT ROLE IN ECOSYSTEMS, BUT THEIR REMOVAL DOES NOT GENERATE ABRUPT CHANGES IN THE ECOSYSTEM STRUCTURE. THE QUANTITATIVE SCIENCE-BASED MODELS WERE ABLE TO REPRODUCE THE HISTORICAL CATCH TRENDS, WHICH ALLOWED US TO REVEAL THAT CHANGES IN ECOSYSTEMS ARE INDEED INFLUENCED BY FISHING EFFORT BUT ALSO BY UNDERLYING PRIMARY PRODUCTIVITY. FURTHERMORE, TOPOLOGICAL AND ECOLOGICAL INDICATORS SHOWED SIMILAR TRENDS IN THE QUANTITATIVE MODELS, WHICH SUGGESTS THAT THE FORMER COULD BE USEFUL WHEN DATA-POOR CONDITIONS ALLOW ONLY QUALITATIVE MODELS. THIS RESULT CONFIRMS THE RELEVANCE OF THE PARTICIPATION OF FISHERS IN GENERATING QUALITATIVE MODELS AND THEIR DECISIVE ROLE IN THE DISCUSSION OF CO-MANAGEMENT STRATEGIES AND RISK SCENARIOS IN A BETTER-INFORMED MANNER.",ZETINA-REJON MJ;LOPEZ-IBARRA GA;ROCHA-TEJEDA L;FLORES-GUZMAN A;LOPEZ-ERCILLA I;RODRIGUEZ-RODRIGUEZ E;SANDOVAL-JIMENEZ SA;ARREGUIN-SANCHEZ F;CISNEROS-MONTEMAYOR AM,2022,FRONTIERS IN MARINE SCIENCE,10.3389/fmars.2021.799068,FISHING IMPACTS; EAF; FINFISH; TOPOLOGICAL INDICATORS; ECOLOGICAL INDICATORS; LEK
ECOSYSTEM-BASED ENVIRONMENTAL FLOW ASSESSMENT IN A GREEK REGULATED RIVER WITH THE USE OF 2D HYDRODYNAMIC HABITAT MODELLING,"DESPITE THE LONG-TERM RESEARCH ON THE USE OF HYDRAULIC-HYDRODYNAMIC HABITAT MODELS (HHMS) FOR PREDICTING THE RESPONSE OF AQUATIC BIOTA TO HABITAT ALTERATION, THEIR PRACTICAL APPLICATION IN MODEL-BASED ENVIRONMENTAL FLOW ASSESSMENTS (EFAS) HAS BEEN LIMITED DUE TO REASONS MAINLY ASSOCIATED WITH COST-EFFECTIVENESS, TIME-EFFICIENCY, REQUIRED EXPERTISE, AND AVAILABILITY OF HYDROECOLOGICAL INFORMATION. IN THIS STUDY, WE DEMONSTRATE A COST-EFFECTIVE AND TIME-EFFICIENT APPLICATION OF A BENTHIC-INVERTEBRATE, TWO-DIMENSIONAL, FUZZY RULE-BASED EFA IN A 277-M LONG REACH IN THE DOWNSTREAM ROUTE OF A REGULATED RIVER IN WESTERN GREECE. APART FROM DEVELOPING ECOSYSTEM-BASED ENVIRONMENTAL FLOW (EFLOW) SCENARIOS, WE HIGHLIGHT THE VALUABLE FEATURES OF HHMS, COMMENT ON THEIR DISADVANTAGES, AND PROPOSE WORKING SOLUTIONS TO OVERCOME THEM. THE RESULTS OF THE STUDY SHOW THAT THE HYDROLOGY-BASED EFLOW OF 0.2M(3)/S, INITIALLY PROPOSED BY THE MANAGING AUTHORITIES, IS NOT SUFFICIENT TO ENSURE THE LONG-TERM FUNCTIONALITY OF THE DOWNSTREAM BENTHIC COMMUNITIES, AS THE ECOSYSTEM-BASED EFLOW RANGED BETWEEN 0.6 AND 2M(3)/S. AS SOCIAL RESILIENCE RELIES HEAVILY ON ECOLOGICAL RESILIENCE, ECOSYSTEM-BASED APPROACHES CAN ENSURE THE SUSTAINABILITY OF AQUATIC ECOSYSTEMS. THIS STUDY DEMONSTRATES, INTER ALIA, THAT HHMS-BASED EFAS CAN BE IMPLEMENTED COST-EFFECTIVELY AND TIME-EFFICIENTLY TO SERVE AS AN ACCURATE SCIENTIFIC BASIS FOR WATER MANAGERS AND STAKEHOLDERS, IN SEARCH OF THE FINE BALANCE BETWEEN ANTHROPOGENIC WATER DEMAND AND LONG-TERM ECOSYSTEM INTEGRITY AND FUNCTIONALITY.",THEODOROPOULOS C;SKOULIKIDIS N;RUTSCHMANN P;STAMOU A,2018,RIVER RESEARCH AND APPLICATIONS,10.1002/rra.3284,BENTHIC MACROINVERTEBRATES; ENVIRONMENTAL FLOWS; FUZZY; HABITAT SUITABILITY; HYDRODYNAMIC HABITAT MODELS
CLIMATE VARIABLES ARE NOT THE DOMINANT PREDICTOR OF ARCTIC SHOREBIRD DISTRIBUTIONS,"COMPETING THEORETICAL PERSPECTIVES ABOUT WHETHER OR NOT CLIMATE IS THE DOMINANT FACTOR INFLUENCING SPECIES' DISTRIBUTIONS AT LARGE SPATIAL SCALES HAVE IMPORTANT CONSEQUENCES WHEN HABITAT SUITABILITY MODELS ARE USED TO ADDRESS CONSERVATION PROBLEMS. IN THIS STUDY, WE TESTED HOW MUCH VARIABLES IN ADDITION TO CLIMATE HELP TO EXPLAIN HABITAT SUITABILITY FOR ARCTIC-BREEDING SHOREBIRDS. TO DO THIS WE MODEL SPECIES OCCUPANCY USING PATH ANALYSES, WHICH ALLOW US TO ESTIMATE THE INDIRECT EFFECTS OF CLIMATE ON OTHER PREDICTOR VARIABLES, SUCH AS LAND COVER. WE ALSO USE DEVIANCE PARTITIONING TO QUANTIFY THE TOTAL RELATIVE IMPORTANCE OF CLIMATE VERSUS ADDITIONAL PREDICTORS IN EXPLAINING SPECIES OCCUPANCY. WE FOUND THAT INDIVIDUAL LAND COVER VARIABLES ARE OFTEN STRONGER PREDICTORS THAN THE DIRECT AND INDIRECT EFFECTS OF CLIMATE COMBINED. IN MODELS WITH BOTH CLIMATE AND ADDITIONAL VARIABLES, ON AVERAGE THE ADDITIONAL VARIABLES ACCOUNTED FOR 57% OF THE EXPLAINED DEVIANCE, INDEPENDENT OF SHARED EFFECTS WITH THE CLIMATE VARIABLES. OUR RESULTS SUPPORT THE IDEA THAT CLIMATE-ONLY MODELS MAY OFFER INCOMPLETE DESCRIPTIONS OF CURRENT AND FUTURE HABITAT SUITABILITY AND CAN LEAD TO INCORRECT CONCLUSIONS ABOUT THE SIZE AND LOCATION OF SUITABLE HABITAT. THESE CONCLUSIONS COULD HAVE IMPORTANT MANAGEMENT IMPLICATIONS FOR DESIGNATING PROTECTED AREAS AND ASSESSING THREATS LIKE CLIMATE CHANGE AND HUMAN DEVELOPMENT.",ANDERSON CM;FAHRIG L;RAUSCH J;SMITH PA,2023,PLOS ONE,10.1371/journal.pone.0285115,NA
HABITAT PROTECTION ACTIONS FOR COASTAL DELPHINIDS IN A DISTURBED ENVIRONMENT WITH EXPLICIT INFORMATION GAPS,"BRIDGING INFORMATION GAPS IN AN ANIMAL'S HABITAT CONFIGURATION IS AN EXPLICIT CHALLENGE IN PLANNING HABITAT PROTECTION ACTIONS (HPAS) FOR MARINE MEGAFAUNA SPECIES NEAR SITES OF INTENSE ANTHROPOGENIC ACTIVITY. THIS CHALLENGE IS FURTHER COMPLICATED BY INADEQUATE FIELD SURVEY DESIGNS AND DATA MANIPULATION THAT LIKELY BIAS HABITAT CONFIGURATION BASELINES. IN THIS STUDY, THE LIKELY HABITAT CONFIGURATION OF INDO-PACIFIC HUMPBACK DOLPHINS, SOUSA CHINENSIS, IN THE CHINESE PROVINCES OF FUJIAN AND GUANGDONG WAS PROJECTED USING SPECIES DISTRIBUTION MODELING (SDM). THE INFLUENCE OF INADEQUATE SURVEY DESIGN AND DATA MANIPULATION OF THE BASELINE PRESENTATION WAS EXPLORED BY COMPARING THE SDM RESULTS FROM DIFFERENT DATASETS WITH CURRENT KNOWLEDGE OF HUMPBACK DOLPHIN DISTRIBUTIONS IN CHINESE WATERS. ONLY THE SDM BASED ON DATA FROM SYSTEMATICALLY DESIGNED SURVEYS PROJECTED A HABITAT CONFIGURATION MATCHING THE CURRENT HUMPBACK DOLPHIN DISTRIBUTION IN CHINA. THE LIKELY HABITAT CONFIGURATION OF HUMPBACK DOLPHINS WAS CHARACTERIZED BY HIGH PRIMARY PRODUCTIVITY AND A SHALLOW WATER DEPTH. THIS STUDY SHOWED THAT ECOSYSTEM SERVICE LOSSES, INDEXED BY CO2 ABSORPTION, DUE TO COASTAL ALTERATION ACTIVITIES NEED TO BE FACTORED INTO ENVIRONMENTAL IMPACT ASSESSMENTS. SOUND HPA PRACTICES INCLUDE SHARING INFORMATION BETWEEN RESEARCH TEAMS, MITIGATING THE ADVERSE IMPACTS OF ANTHROPOGENIC ACTIVITIES, ASSOCIATING PROTECTED AREA NETWORKING WITH REGIONAL MARITIME SPATIAL PLANNING, MONITORING COASTAL LANDSCAPES AND SEASCAPE BASELINES, REDUCING LAND-BASED POLLUTION, RESTORING DEGRADED HABITATS FOR AQUATIC BIOTA, AND RECOVERING LAND-TO-SEA CONNECTIVITY. THESE MEASURES REQUIRE COMPREHENSIVE COORDINATION AND COLLABORATION BETWEEN SCIENTIFIC RESEARCH TEAMS, POLICY REPRESENTATIVES, NGOS/NPOS AND STAKEHOLDER GROUPS.",BAO M;WANG XY;LIU WH;CHEN HL;LI YL;WU FX;ZENG QH;LIN DR;LI P;WAN HT;CHEN X;XIAO YS;ZHOU RC;HUANG SL,2019,OCEAN & COASTAL MANAGEMENT,10.1016/j.ocecoaman.2018.12.017,HABITAT CONFIGURATION; MAXENT; OCEANCOLOR; NET PRIMARY PRODUCTIVITY; INFORMATION GAP; HABITAT PROTECTION ACTION; CONNECTIVITY
"SPECIES DISTRIBUTION MODELS TO PREDICT THE POTENTIAL NICHE SHIFT AND PRIORITY CONSERVATION AREAS FOR MANGROVES (RHIZOPHORA APICULATA, R. MUCRONATA) IN RESPONSE TO CLIMATE AND SEA LEVEL FLUCTUATIONS ALONG COASTAL INDIA","MANGROVES ARE MORE THAN JUST A TREE AS THEY ARE HOME TO THOUSANDS OF SPECIES, CARBON ABSORBERS AND A NATURAL COASTAL FORTRESS AGAINST FLOODS AND STORM SURGES. HENCE, CONSERVATION PLANNING AND DECISION MAKING FOR THIS VALUABLE ECOSYSTEM MUST INVOLVE IDENTIFICATION OF PRIORITY CONSERVATION AREAS (PCAS) AT SPECIES-SPECIFIC DIMENSIONS. IN THE PRESENT STUDY, WE ADOPTED AN ENSEMBLE MODELLING APPROACH FOR THE DISTRIBUTION OF TWO MANGROVE SPECIES (RHIZOPHORA APICULATA, RHIZOPHORA MUCRONATA) USING HIGH-RESOLUTION ENVIRONMENTAL AND EDAPHIC DATASETS, TO IDENTIFY THE PCAS FOR FUTURE CONSERVATION. WE ALSO IDENTIFIED THE KEY ENVIRONMENTAL VARIABLES SHAPING THEIR DISTRIBUTION AND PRECISELY ESTIMATED THE CORE DISTRIBUTIONAL SHIFT ALONG THE INDIAN COASTLINE UNDER CHANGING CLIMATE SCENARIO. THE FINDINGS REVEALED THAT ABOUT 5844 KM2 AND 7846 KM2 AREAS WERE IDENTIFIED AS EXTREMELY SUITABLE AREAS, WHICH WERE DISTRIBUTED ALONG MAHARASHTRA COAST AND KERALA COAST FOR R. MUCRONATA AND R. APICULATA, RESPECTIVELY, IN THE CURRENT CLIMATE SCENARIO. THE DISTRIBUTION OF R. APICULATA WAS FOUND TO BE MOSTLY SHAPED BY MEAN DIURNAL RANGE AND ANNUAL MEAN TEMPERATURE, WHEREAS THE DISTRIBUTION OF R. MUCRONATA WAS PRIMARILY SHAPED BY ANNUAL MEAN TEMPERATURE AND ALTITUDE. THE HIGHEST RANGE EXPANSION OF MANGROVE SPECIES OCCURRED DURING MIDDLE HOLOCENE DUE TO HIGH PRECIPITATION AND SEA-LEVEL RISE AND THIS FINDING IS FURTHER SUPPORTED BY FOSSIL POLLEN EVIDENCE. THE SUITABLE HABITAT RANGE FOR R. APICULATA IS PREDICTED TO INCREASE ALONG KERALA COAST UNDER RCP2.6 SCENARIO BY 6.90% AND 6.93% AND UNDER RCP8.5 SCENARIO BY 9.33% AND 9.90% IN THE YEAR 2050 AND 2070, RESPECTIVELY, WHEREAS THE RANGE FOR R. MUCRONATA IS GETTING REDUCED IN THE FUTURE CLIMATE SCENARIO. OVERALL, OUR PREDICTIONS REVEAL A STEADY MIGRATION OF CONDUCIVE MANGROVE HABITAT TOWARDS LAND OR HIGHER ELEVATIONS DUE TO RELATIVE SEA LEVEL RISE IN FUTURE. THESE RESULTS WOULD AID IN PLANNING A LONG-TERM SPECIES-SPECIFIC CONSERVATION AND MANAGEMENT STRATEGY FOR MANGROVE ECOSYSTEM ALONG COASTAL INDIA.",SAMAL P;SRIVASTAVA J;CHARLES B;SINGARASUBRAMANIAN SR,2023,ECOLOGICAL INDICATORS,10.1016/j.ecolind.2023.110631,CLIMATE CHANGE; SPECIES-SPECIFIC RESTORATION; CORE DISTRIBUTIONAL SHIFT; ENSEMBLE MODEL; R; MUCRONATA; APICULATA
SPECIES DISTRIBUTION MODELS AS TOOLS FOR COMMUNITY EMPOWERMENT AND INFORMED DECISION MAKING IN COLOMBIA'S CHOCO PACIFIC COAST FISHERIES,"CHANGES IN MARINE ECOSYSTEM DYNAMICS HAVE LED TO ALTERATIONS IN THE AVAILABILITY OF FISH IN ESTABLISHED FISHING GROUNDS. PREDICTIVE MODELS SUGGEST THEIR UTILITY IN UNDERSTANDING AND PREDICTING SPECIES DISTRIBUTION AT VARYING DEPTHS AND TIMES OF THE YEAR, SIGNIFICANTLY INFLUENCING REGIONAL FISHERIES MANAGEMENT. THUS, ACCESS TO INFORMATION ON OCEANOGRAPHIC CONDITIONS, SERVING AS A SCIENCE-BASED DECISION-MAKING SUPPORT TOOL FOR ARTISANAL FISHERS, HAS BEEN IDENTIFIED AS AN ADAPTATION STRATEGY FOSTERING SOCIAL EMPOWERMENT IN THE COLOMBIAN PACIFIC REGION. TO ADDRESS THIS NEED, AN OPEN-SOURCE WEBGIS (GEOGRAPHIC INFORMATION SYSTEM) WAS CO-CREATED TO PROVIDE USERS WITH THE RESULTS OF SPECIES DISTRIBUTION MODELS OF MARINE FISH SPECIES, AIMING TO EXPAND KNOWLEDGE OF THE EVER-CHANGING ENVIRONMENT DYNAMICS. THE CHOCO ARTISANAL FISHING GEOVISOR OFFERS OPTIONS FOR PLANNING FISHING OPERATIONS AND PROVIDES TOOLS FOR UNDERSTANDING THE RESULTS OF SPECIES DISTRIBUTION MODELS AND RESOURCE MANAGEMENT. BY PROMOTING INFORMED DECISION MAKING AND COMMUNITY EMPOWERMENT, IT SERVES AS A STRATEGIC RESPONSE TO MARINE ENVIRONMENTAL FLUCTUATIONS, ESTABLISHING ITSELF AS AN ESSENTIAL TOOL FOR ADAPTING TO SHIFTING MARINE CONDITIONS AND ENSURING FOOD SECURITY.",SELVARAJ JJ;CIFUENTES-OSSA MA;PENNA-NARVAEZ J;MIRANDA-PARRA MA;HERRERA-ROZO FA,2023,FISHES,10.3390/fishes8070349,SPECIES DISTRIBUTION MODELS; PREDICTIVE MODELING; INFORMED DECISION MAKING; MARINE ARTISANAL FISHERIES; CHOCO; COLOMBIAN PACIFIC COAST
OCEANIC HETEROTROPHIC BACTERIAL NUTRITION BY SEMILABILE DOM AS REVEALED BY DATA ASSIMILATIVE MODELING,"PREVIOUS STUDIES HAVE FOCUSED ON THE ROLE OF LABILE DISSOLVED ORGANIC MATTER (DOM) (DEFINED AS TURNOVER TIME OF SIMILAR TO 1 D) IN SUPPORTING HETEROTROPHIC BACTERIAL PRODUCTION, BUT HAVE MOSTLY NEGLECTED SEMILABILE DOM (DEFINED AS TURNOVER TIME OF SIMILAR TO 100 TO 1000 D) AS A POTENTIAL SUBSTRATE FOR HETEROTROPHIC BACTERIAL GROWTH. TO TEST THE HYPOTHESIS THAT SEMILABILE DOM SUPPORTS SUBSTANTIAL AMOUNTS OF HETEROTROPHIC BACTERIAL PRODUCTION IN THE OPEN OCEAN, WE CONSTRUCTED A 1-DIMENSIONAL EPIPELAGIC ECOSYSTEM MODEL AND APPLIED IT TO 3 OPEN OCEAN SITES: THE ARABIAN SEA, EQUATORIAL PACIFIC AND STATION ALOHA IN THE NORTH PACIFIC SUBTROPICAL GYRE. THE MODEL TRACKS CARBON, NITROGEN AND PHOSPHORUS WITH FLEXIBLE STOICHIOMETRY. THIS STUDY USED A LARGE NUMBER OF OBSERVATIONS, INCLUDING MEASUREMENTS OF HETEROTROPHIC BACTERIAL PRODUCTION RATES AND STANDING STOCKS, AND DOM CONCENTRATION DATA, TO RIGOROUSLY TEST AND CONSTRAIN MODEL OUTPUT. DATA ASSIMILATION WAS SUCCESSFULLY APPLIED TO OPTIMIZE THE MODEL PARAMETERS AND RESULTED IN SIMULTANEOUS REPRESENTATION OF OBSERVED NITRATE, PHOSPHATE, PHYTOPLANKTON AND ZOOPLANKTON BIOMASS, PRIMARY PRODUCTION, HETEROTROPHIC BACTERIAL BIOMASS AND PRODUCTION, DOM, AND SUSPENDED AND SINKING PARTICULATE ORGANIC MATTER. ACROSS THE 3 OCEAN ECOSYSTEMS EXAMINED, THE DATA ASSIMILATION SUGGESTS SEMILABILE DOM MAY SUPPORT 17 TO 40% OF HETEROTROPHIC BACTERIAL CARBON DEMAND. IN AN EXPERIMENT WHERE BACTERIA ONLY UTILIZE LABILE DOM, AND WITH MORE OF THE DOM PRODUCTION ASSIGNED TO LABILE DOM, THE MODEL POORLY REPRESENTED THE OBSERVATIONS. THESE RESULTS SUGGEST THAT SEMILABILE DOM MAY PLAY AN IMPORTANT ROLE IN SUSTAINING HETEROTROPHIC BACTERIAL GROWTH IN DIVERSE REGIONS OF THE OPEN OCEAN.",LUO YW;FRIEDRICHS MAM;DONEY SC;CHURCH MJ;DUCKLOW HW,2010,AQUATIC MICROBIAL ECOLOGY,10.3354/ame01427,HETEROTROPHIC BACTERIA; SEMILABILE DISSOLVED ORGANIC MATTER; MARINE ECOSYSTEM MODEL; DATA ASSIMILATION
FISHING ACCESS AGREEMENTS AND HARVESTING DECISIONS OF HOST AND DISTANT WATER FISHING NATIONS,"THE DECLARATION OF EXCLUSIVE ECONOMIC ZONES (EEZS) GRANTED COASTAL STATES SOVEREIGN RIGHTS OVER THE MARINE RESOURCES IN THEIR EEZS AND ENABLED DEVELOPING COASTAL STATES TO LEGALLY CHARGE ACCESS FEES TO DISTANT WATER FISHING (DWF) NATIONS FOR ACCESS TO THE RESOURCES IN THESE WATERS. DESPITE THE POTENTIAL FOR ECONOMIC GAINS, HOWEVER, THE ABILITY OF COASTAL STATES TO BENEFIT FROM THE GRANTING OF SOVEREIGN RIGHTS AND TO ENSURE THE SUSTAINABLE USE OF THEIR FISHERIES RESOURCES DEPENDS ON HOW DOMESTIC FISHING EFFORT RESPONDS TO THE HARVESTING DECISIONS OF THE DWF NATIONS. WE DEVELOP A STYLIZED BIOECONOMIC MODEL TO EXPLORE THE CHANGE IN FISHING BEHAVIOR OF HOST AND DWF NATIONS WHEN THE TWO NATIONS ENTER INTO AN ACCESS AGREEMENT WITH VARYING LEVELS OF ACCESS FEE. WE FURTHER CONDUCT AN ECONOMETRIC ANALYSIS OF CHANGES IN PACIFIC ISLAND NATIONS' HARVESTING BEHAVIOR IN RESPONSE TO THE HARVEST DECISIONS OF DWF NATIONS USING DATA FROM THE WESTERN AND CENTRAL PACIFIC TUNA FISHERY. OUR MODEL RESULTS SHOW THAT THERE IS A RANGE OF VARIABLE ACCESS PAYMENT LEVELS OVER WHICH THE HOST NATION SUBSTITUTES BENEFITS FROM ITS DOMESTIC FISHING ACTIVITY WITH ACCESS PAYMENTS FROM THE DWF NATION AND THAT SETTING FEES IN THIS RANGE CAN CREATE A TRAP WHEREBY HOST NATIONS ARE FORCED TO TRADE-OFF RECEIVING A FAIR RETURN TO THEIR FISHERY RESOURCES THROUGH ACCESS FEES AND RETAINING THEIR OWN ACTIVE FLEET CAPACITY. OUR EMPIRICAL ANALYSIS FURTHER SHOWS A GRADUAL SHIFT IN THE WAY IN WHICH PACIFIC ISLAND HOST NATIONS RESPONDED TO THE HARVEST DECISION OF DWF NATIONS AS A RESULT OF THE CREATION OF THE 200-NAUTICAL-MILE EEZ. (C) 2014 ELSEVIER LTD. ALL RIGHTS RESERVED.",NICHOLS R;YAMAZAKI S;JENNINGS S;WATSON RA,2015,MARINE POLICY,10.1016/j.marpol.2014.12.019,FISHERIES; ACCESS AGREEMENTS; TUNA; PACIFIC ISLAND NATIONS; DISTANT WATER FISHING NATIONS
MODELING FRAMEWORK FOR ESTABLISHING THE POWER LAW BETWEEN LENGTH AND WEIGHT OF FISHES AND A META-ANALYSIS FOR VALIDATION OF LWRS FOR SIX COMMERCIALLY IMPORTANT MARINE FISHES FROM THE NORTHWESTERN BAY OF BENGAL,"ACCURATE AND UNBIASED MODELING OF LENGTH-WEIGHT RELATIONSHIP (LWR) IS ESSENTIAL FOR PRECISE ESTIMATION OF BIOMASS FROM LENGTH-BASED ABUNDANCE DATA FOR AQUATIC ECOSYSTEM MODELING AND DEVELOPING RESOURCE MANAGE-MENT STRATEGIES FOR THE SUSTAINABLE UTILIZATION OF AQUATIC LIVING RESOURCES. THE PRESENT STUDY WAS CONDUCTED TO DEVELOP THE BEST MODELING METHOD FOR ESTABLISHING THE RELATIONSHIP BETWEEN THE LENGTH AND WEIGHT OF THE FISH, GIVING ADEQUATE PRIORITY TO THE VARIANCE DISTRIBUTION STRUCTURE, WHICH IS OFTEN OVERLOOKED. THREE MODELING METHODS VIZ. (1) NLM: NONLINEAR MODEL WITH ADDITIVE HOMOGENEOUS VARIANCE STRUCTURE, (2) WNLM: WEIGHTED NONLINEAR MODEL WITH ADDITIVE HETEROGENEOUS POWER VARIANCE STRUCTURE AND (3) LM: LOG-TRANSFORMED LINEAR MODEL WITH MULTIPLICATIVE HETEROGENEOUS VARIANCE STRUCTURE IN UNTRANSFORMED SCALE WERE EVALUATED FOR THEIR PERFOR-MANCE IN ACCURATELY ESTIMATING THE MODEL PARAMETERS AND THEIR CONFIDENCE INTERVALS. AS VARIANCE IN FISH WEIGHT INCREASES WITH THE INCREASE IN FISH SIZE, USUALLY, A MULTIPLICATIVE HETEROGENEOUS VARIANCE STRUCTURE IS ASSUMED WHILE EXPLAINING THE RELATIONSHIP BETWEEN LENGTH AND WEIGHT, WHICH WAS EVIDENCED FROM THE RESIDUAL PLOT OF NLM. AS THE DATA DID NOT FOLLOW THE ADDITIVE HOMOGENOUS VARIANCE ASSUMPTION OF NLM, THE WORST PERFORMANCE (HIGHEST AIC AND BIC) WAS OBTAINED WHEN NLM WAS USED. THE VARIANCE DISTRIBUTION STRUCTURE COULD BE HO-MOGENIZED AND NORMALIZED IN THREE OUT OF SIX FISHES (I.E., PLICOFOLLIS LAYARDI, CYNOGLOSSUS AREL, OTOLITHES RUBER) INVESTIGATED IN THE STUDY USING LM, RESULTING IN SUPERIOR PERFORMANCE (LOWEST AIC AND BIC) AMONG THE THREE MODELS. FOR TWO OUT OF THREE REMAINING SPECIES (I.E., NEMIPTERUS JAPONICUS AND PARASTROMATEUS NIGER) FOR WHICH THE VARIANCE DISTRIBUTION CANNOT BE NORMALIZED BY LOG TRANSFORMATION (LM), THE RESIDUALS COULD BE HOMOGENIZED AND NORMALIZED BY THE WNLM WHICH WAS EVIDENCED BY THE LOWEST AIC AND BIC FOR THE MODEL. EVEN FOR THE SPECIES (I. E., PAMPUS ARGENTEUS), WHERE THE RESIDUALS COULD NOT BE NORMALIZED BY ANY OF THE MODELS, BETTER PERFORMANCE WAS OBTAINED FROM WNLM. A META-ANALYSIS WAS PERFORMED TO VALIDATE THE HITHERTO AVAILABLE INFORMATION ON THE LWRS OF THESE SIX SPECIES BY REGRESSING THE REGRESSION PARAMETERS [LOG(A) VS. B] OF THE AVAILABLE LWRS AND BY COMPUTING THE FORM FACTORS. THE ERRONEOUS LWRS WERE IDENTIFIED AS DOUBTFUL REPORTS BY CAREFULLY SCRUTINIZING THE OUTLIERS OBTAINED FROM COOK'S DISTANCE METHOD AND SUBSEQUENTLY VALIDATING THEM BY OBSERVING THEIR DISPERSION FROM MODELED PREDICTION INTERVALS (PI) AND INTERQUARTILE RANGE (IQR) BASED OUTLIER DETECTION METHODS USING THE FORM FACTOR ANALYSIS. THE STUDY PRESENTS THE DECISION SUPPORT FRAMEWORK FOR AN APPROPRIATE MODELING APPROACH WHILE DEALING WITH CERTAIN ASSUMPTIONS SUCH AS VARIANCE NORMALITY AND HOMOSCEDASTICITY. THE STUDY ALSO DESCRIBES A COMBINED APPROACH FOR THE VALIDATION OF DERIVED LWRS BY A COMPREHENSIVE META-ANALYSIS.",DASH G;SEN S;PRADHAN RK;GHOSH S;JOSILEEN J;JAYASANKAR J,2023,FISHERIES RESEARCH,10.1016/j.fishres.2022.106496,WEIGHTED NONLINEAR MODEL; HETEROSCEDASTICITY; POWER VARIANCE; OUTLIER DETECTION; FORM FACTOR
THE SEASONAL DISTRIBUTION OF A HIGHLY COMMERCIAL FISH IS RELATED TO ONTOGENETIC CHANGES IN ITS FEEDING STRATEGY,"IMPROVING THE KNOWLEDGE ON THE BIOLOGY, ECOLOGY AND DISTRIBUTION OF MARINE RESOURCES EXPLOITED BY FISHERIES IS NECESSARY TO ACHIEVE POPULATION RECOVERY AND SUSTAINABLE FISHERIES MANAGEMENT. EUROPEAN HAKE (MERLUCCIUS MERLUCCIUS) IS ONE OF THE MOST IMPORTANT TARGET SPECIES IN THE MEDITERRANEAN SEA AND IS LARGELY OVEREXPLOITED BY INDUSTRIAL FISHERIES. HERE, WE USED TWO METHODOLOGICAL APPROACHES TO FURTHER INVESTIGATE THE SEASONAL VARIATION IN THE SPATIAL DISTRIBUTION OF EUROPEAN HAKE CONSIDERING ONTOGENETIC CHANGES AND TROPHIC ECOLOGY IN THE WESTERN MEDITERRANEAN SEA. OUR MAIN AIM WAS TO EXPLORE IF SPATIAL CHANGES IN HAKE DISTRIBUTION WERE RELATED TO TROPHIC BEHAVIOR, IN ADDITION TO KEY ENVIRONMENTAL FACTORS. WE EMPLOYED A HIERARCHICAL BAYESIAN SPECIES DISTRIBUTION MODELING APPROACH (B-SDM), USING SPATIAL DATA FROM TWO OCEANOGRAPHIC SURVEYS CONDUCTED DURING WINTER AND SUMMER. WE ANALYZED HOW THE ENVIRONMENTAL VARIABLES, TOGETHER WITH ABUNDANCE AND MEAN WEIGHT DISTRIBUTION OF THE MAIN PREYS IDENTIFIED FOR EUROPEAN HAKE, AFFECTED THE SEASONAL DISTRIBUTION OF THE SPECIES. RESULTS REVEALED CLEAR DIFFERENCES IN THE DISTRIBUTION OF THE EUROPEAN HAKE BETWEEN SEASONS, WHICH WERE INDEED PARTIALLY CORRELATED TO THE DISTRIBUTION OF THEIR MAIN PREYS, IN ADDITION TO THE ENVIRONMENT. STABLE ISOTOPE VALUES AND BAYESIAN ISOTOPIC MIXING MODELS (MIXSIAR) REVEALED SUBSTANTIAL SEASONAL AND ONTOGENETIC DIFFERENCES IN TROPHIC HABITS OF EUROPEAN HAKE, PARTLY MATCHING THE SPATIAL DISTRIBUTION RESULTS. THESE FINDINGS COULD HAVE IMPLICATIONS FOR A FUTURE SEASONAL-BASED ADAPTIVE FISHERIES MANAGEMENT, AS LOCAL DEPLETION OF PREY, OR VARIATION IN SIZE AND CONDITION MAY AFFECT EUROPEAN HAKE PRESENCE IN THIS AREA. MOREOVER, THIS STUDY ILLUSTRATES HOW THE SEQUENTIAL APPLICATION OF METHODOLOGIES PROVIDES A MORE HOLISTIC UNDERSTANDING OF SPECIES SEASONALITY, WHICH IS ESSENTIAL TO UNDERSTAND THE PHENOLOGICAL PROCESSES OF EXPLOITED SPECIES AND THEIR POTENTIAL SHIFTS DUE TO ENVIRONMENTAL CHANGES.",LLORET-LLORET E;NAVARRO J;GIMÉNEZ J;LÓPEZ N;ALBO-PUIGSERVER M;PENNINO MG;COLL M,2020,FRONTIERS IN MARINE SCIENCE,10.3389/fmars.2020.566686,EUROPEAN HAKE; FISHERIES; MARINE PREDATOR; MEDITERRANEAN SEA; MERLUCCIUS MERLUCCIUS; SPATIAL DISTRIBUTION; STABLE ISOTOPES; TROPHIC ECOLOGY
USE OF TIMED AUTOMATA AND MODEL-CHECKING TO EXPLORE SCENARIOS ON ECOSYSTEM MODELS,"THE INTEREST TO BUILD ECOSYSTEM MODELS IS WELL ACKNOWLEDGED IN ORDER TO IMPROVE THE UNDERSTANDING OF THE SOPHISTICATED LINKAGES BETWEEN HUMANS AND NATURAL SPECIES EMBEDDED WITHIN VARIABLE LOCAL AND GLOBAL ENVIRONMENTAL CONTEXTS. IT IS ESPECIALLY TRUE WHEN A COMPLEX TEMPORAL EVOLUTION INTERVENES AS IN POPULATION REGULATIONS. ECOLOGICAL MODELLERS USUALLY RESORT TO NUMERICAL MODELS SUPPORTED BY ACCURATE DATA AND EXTENSIVE KNOWLEDGE ON BIOLOGICAL PROCESSES. UNFORTUNATELY, THE TASK BECOMES MORE DIFFICULT TO MODEL ECOSYSTEMS WITH LIMITED DATA AND KNOWLEDGE. QUALITATIVE MODELS MAY BE MORE SUITABLE FOR DESIGNING DATA-POOR SYSTEMS IN A DECISION-AID CONTEXT. WE PROPOSE A NEW QUALITATIVE APPROACH FOR ECOSYSTEM MODELLING BASED ON TIMED AUTOMATA (TA) FORMALISM COMBINED WITH A HIGH-LEVEL QUERY LANGUAGE FOR EXPLORING SCENARIOS. TA RELY ON A DISCRETE-EVENT SYSTEM FORMALISM TO REPRODUCE THE TEMPORAL DYNAMICS OF A SYSTEM. COMBINED WITH MODEL-CHECKING TECHNIQUES, TA ENABLE THE EXPLORATION OF SYSTEM PROPERTIES IN RESPONSE TO A WIDE RANGE OF SCENARIOS BASED ON A TEMPORAL LOGIC. OUR APPLICATIVE CASE CONCERNS THE EVOLUTION OF DIFFERENT FISH BIOMASS ALONG TIME ACCORDING TO FISHING POLICIES, ESPECIALLY WHEN EXOGENOUS ENVIRONMENTAL ISSUES MAY ALSO BE CONSIDERED. WE HAVE DEVELOPED THIS APPROACH TO MODEL A SIMPLIFIED MARINE ECOSYSTEM SUBJECT TO DIFFERENT FISHING POLICIES. USING PREDEFINED QUERY PATTERNS, WE SHOW THAT TA AND MODEL-CHECKING ARE RELEVANT TOOLS TO QUERY TIMED PROPERTIES OF A FISHERY SYSTEM IN RESPONSE TO DIFFERENT MANAGEMENT OPTIONS. THIS MODELLING APPROACH MAY BE ESPECIALLY USEFUL FOR FOSTERING BETTER DISCUSSION AMONG ALL STAKEHOLDERS INVOLVED IN FISHERIES MANAGEMENT. (C) 2011 ELSEVIER LTD. ALL RIGHTS RESERVED.",LARGOUËT C;CORDIER MO;BOZEC YM;ZHAO YL;FONTENELLE G,2012,ENVIRONMENTAL MODELLING & SOFTWARE,10.1016/j.envsoft.2011.08.005,QUALITATIVE MODELLING; DISCRETE-EVENT SYSTEM; DECISION-AID; SCENARIO EXPLORATION; QUERY PATTERNS; TIMED AUTOMATA; MODEL-CHECKING
THE MEDITERRANEAN SEA AS A 'CUL-DE-SAC' FOR ENDEMIC FISHES FACING CLIMATE CHANGE,"THE MEDITERRANEAN SEA IS A HOTSPOT OF BIODIVERSITY, AND CLIMATE WARMING IS EXPECTED TO HAVE A SIGNIFICANT INFLUENCE ON ITS ENDEMIC FISH SPECIES. HOWEVER, NO PREVIOUS STUDIES HAVE PREDICTED WHETHER FISH SPECIES WILL EXPERIENCE GEOGRAPHIC RANGE EXTENSIONS OR CONTRACTIONS AS A CONSEQUENCE OF WARMING. HERE, WE PROJECTED THE POTENTIAL FUTURE CLIMATIC NICHES OF 75 MEDITERRANEAN SEA ENDEMIC FISH SPECIES BASED ON A GLOBAL WARMING SCENARIO IMPLEMENTED WITH THE MEDITERRANEAN MODEL OPAMED8 AND A MULTIMODEL INFERENCE, WHICH INCLUDED UNCERTAINTY. BY 2070-2099, THE AVERAGE SURFACE TEMPERATURE OF THE MEDITERRANEAN SEA WAS PROJECTED TO WARM BY 3.1 DEGREES C. PROJECTIONS FOR 2041-2060 ARE THAT 25 SPECIES WOULD QUALIFY FOR THE INTERNATIONAL UNION FOR THE CONSERVATION OF NATURE AND NATURAL RESOURCES (IUCN) RED LIST, AND SIX SPECIES WOULD BECOME EXTINCT. BY 2070-2099, 45 SPECIES WERE EXPECTED TO QUALIFY FOR THE IUCN RED LIST WHEREAS 14 WERE EXPECTED TO BECOME EXTINCT. BY THE MIDDLE OF THE 21ST CENTURY, THE COLDEST AREAS OF THE MEDITERRANEAN SEA (ADRIATIC SEA AND GULF OF LION) WOULD ACT AS A REFUGE FOR COLD-WATER SPECIES, BUT BY THE END OF THE CENTURY, THOSE AREAS WERE PROJECTED TO BECOME A 'CUL-DE-SAC' THAT WOULD DRIVE THOSE SPECIES TOWARDS EXTINCTION. IN ADDITION, THE RANGE SIZE OF ENDEMIC SPECIES WAS PROJECTED TO UNDERGO EXTENSIVE FRAGMENTATION, WHICH IS A POTENTIALLY AGGRAVATING FACTOR. SINCE A MAJORITY OF ENDEMIC FISHES ARE SPECIALISTS, REGARDING SUBSTRATUM AND DIET, WE MAY EXPECT A REDUCED ABILITY TO TRACK PROJECTED CLIMATIC NICHES. AS A WHOLE, 25% OF THE MEDITERRANEAN SEA CONTINENTAL SHELF WAS PREDICTED TO EXPERIENCE A TOTAL MODIFICATION OF ENDEMIC SPECIES ASSEMBLAGES BY THE END OF THE 21ST CENTURY. THIS EXPECTED TURNOVER RATE COULD BE MITIGATED BY MARINE PROTECTED AREAS OR ACCELERATED BY FISHING PRESSURE OR COMPETITION FROM EXOTIC FISHES. IT REMAINS A CHALLENGE TO PREDICT HOW THESE ASSEMBLAGE MODIFICATIONS MIGHT AFFECT ECOSYSTEM FUNCTION.",LASRAM FB;GUILHAUMON F;ALBOUY C;SOMOT S;THUILLER W;MOUILLOT D,2010,GLOBAL CHANGE BIOLOGY,10.1111/j.1365-2486.2010.02224.x,BIOMOD; FRAGMENTATION; GLOBAL WARMING; HABITAT SUITABILITY MODEL (HSM); IUCN; SPECIES TURNOVER; SPECIES VULNERABILITY
USING COUPLED HYDRODYNAMIC BIOGEOCHEMICAL MODELS TO PREDICT THE EFFECTS OF TIDAL TURBINE ARRAYS ON PHYTOPLANKTON DYNAMICS,"THE EFFECTS OF LARGE SCALE TIDAL ENERGY DEVICE (TED) ARRAYS ON PHYTOPLANKTON PROCESSES OWING TO THE CHANGES IN HYDRODYNAMIC FLOWS ARE UNKNOWN. COUPLED TWO-DIMENSIONAL BIOGEOCHEMICAL AND HYDRODYNAMIC MODELS OFFER THE OPPORTUNITY TO PREDICT POTENTIAL EFFECTS OF LARGE SCALE TED ARRAYS ON THE LOCAL AND REGIONAL PHYTOPLANKTON DYNAMICS IN COASTAL AND INSHORE ENVIRONMENTS. USING MIKE 21 SOFTWARE BY DHI (HTTPS://WWW.DHIGROUP.COM), COUPLED TWO-DIMENSIONAL BIOGEOCHEMICAL AND HYDRODYNAMIC MODELS WERE DEVELOPED WITH SIMULATIONS INCLUDING NO TURBINES OR AN ARRAY OF 55 TURBINES WITH FOUR SOLAR RADIATION SCENARIOS TO ASSESS THE TEMPORAL AND SPATIAL CHANGES OF PHYTOPLANKTON DYNAMICS IN AN IDEALISED DOMAIN. RESULTS SUGGEST THAT THE EFFECT OF TEDS ON PHYTOPLANKTON DYNAMICS ACCOUNTED FOR UP TO 25% OF THE VARIABILITY IN PHYTOPLANKTON CONCENTRATIONS, MOST LIKELY ASSOCIATED WITH AN INCREASED RESIDENCE TIME IN AN INSHORE BASIN. HOWEVER, NATURAL VARIATION, SUCH AS THE INTENSITY OF PHOTOSYNTHETICALLY ACTIVE RADIATION, HAD A LARGER EFFECT ON PHYTOPLANKTON DYNAMICS THAN AN ARRAY OF TEDS.",SCHUCHERT P;KREGTING L;PRITCHARD D;SAVIDGE G;ELSÄSSER B,2018,JOURNAL OF MARINE SCIENCE AND ENGINEERING,10.3390/jmse6020058,HYDROKINETIC; NUTRIENTS; IRRADIANCE; TEMPERATURE; ENVIRONMENT; TRANSPORT
"SPATIALIZED ECOLOGICAL NETWORK ANALYSIS FOR ECOSYSTEM-BASED MANAGEMENT: EFFECTS OF CLIMATE CHANGE, MARINE RENEWABLE ENERGY, AND FISHING ON ECOSYSTEM FUNCTIONING IN THE BAY OF SEINE","INTEGRATIVE AND SPATIALIZED TOOLS FOR STUDYING THE EFFECTS OF A WIDE VARIETY OF ECOSYSTEM DRIVERS ARE NEEDED TO IMPLEMENT ECOSYSTEM-BASED MANAGEMENT AND MARINE SPATIAL PLANNING. WE DEVELOPED A TOOL FOR ANALYZING THE DIRECT AND INDIRECT EFFECTS OF ANTHROPIC ACTIVITIES ON THE STRUCTURE AND FUNCTIONING OF COASTAL AND MARINE ECOSYSTEMS. USING INNOVATIVE MODELLING TECHNIQUES, WE RAN A SPATIALLY EXPLICIT MODEL TO CARRY OUT AN ECOLOGICAL NETWORK ANALYSIS (ENA) OF THE EFFECTS OF CLIMATE CHANGE (CC), OF AN OFFSHORE WIND FARM (OWF) AND OF MULTIPLE FISHING SCENARIOS ON THE BAY OF SEINE (EASTERN PART OF THE ENGLISH CHANNEL) ECOSYSTEM. ENA INDICES DESCRIBED THE EFFECTS OF THOSE DIFFERENT DRIVERS IN A HOLISTIC AND SPATIAL WAY. THE SPATIAL ANALYSIS OF ECOSYSTEM PROPERTIES REVEALED LOCAL AND GLOBAL PATTERNS OF MODIFICATIONS ATTRIBUTED TO CC, WHILE THE OWF RESULTED IN LOCALIZED CHANGES IN THE ECOSYSTEM. THIS ABILITY OF ENA INDICATORS TO DETECT HUMAN-INDUCED CHANGES IN ECOSYSTEM FUNCTIONING AT VARIOUS SPATIAL SCALES ALLOWS FOR A MORE INTEGRATIVE VIEW OF THE EFFECTS OF HUMAN ACTIVITIES ON ECOSYSTEMS. ENA INDICES COULD BE USED TO LINK BOTH LOCAL AND GLOBAL ECOSYSTEM CHANGES, FOR A MORE CROSS-SCALE APPROACH TO ECOSYSTEM MANAGEMENT.",NOGUES Q;ARAIGNOUS E;BOURDAUD P;HALOUANI G;RAOUX A;FOUCHER É;LE LOC'H F;LOEW-TURBOUT F;LASRAM FB;DAUVIN JC;NIQUIL N,2022,ICES JOURNAL OF MARINE SCIENCE,10.1093/icesjms/fsac026,CLIMATE CHANGE; ENA; ECOLOGICAL NETWORK ANALYSIS; ECOSPACE; ECOSYSTEM FUNCTIONING; FISHING EFFECTS; OFFSHORE WIND FARM; SPECIES DISTRIBUTION; TROPHIC STRUCTURE
SPECIES DISTRIBUTION MODELS ESTIMATE TIME-VARYING JUVENILE SALMON DISTRIBUTIONS IN THE NORTH-AND SOUTHEASTERN BERING SEA,"THIS STUDY COMPARES ALTERNATIVE IMPLEMENTATIONS OF SPECIES DISTRIBUTION MODELS (SDMS) FOR QUANTIFYING STATIC AND DYNAMIC PATTERNS IN MARINE HABITAT USE, WITH A CASE STUDY FOCUSING ON JUVENILE SALMON IN THE EASTERN BERING SEA. WE COMPARE THE PERFORMANCE OF TWO PREVALENT SDM FRAMEWORKS--GENERALIZED ADDITIVE MODELS (GAMS) AND VECTOR AUTOREGRESSIVE SPATIO-TEMPORAL (VAST) MODELS--IN PREDICTING JUVENILE SALMON DISTRIBUTIONS AND ASSESSING INTERANNUAL VARIATION IN HABITAT UTILIZATION. THE TWO SDM FRAMEWORKS PRODUCED SIMILAR SPATIAL PREDICTIONS BUT PERFORMED DIFFERENTLY IN TESTS OF WITHIN-SAMPLE AND OUT-OF-SAMPLE PREDICTIVE POWER. OUR FINDINGS INDICATE THAT VAST MODELS MAY PROVIDE MORE PRECISE ESTIMATES OF DISTRIBUTION COMPARED TO GAMS. MAPS OF PREDICTED JUVENILE SALMON DISTRIBUTIONS SHOWED HIGHEST SALMON DENSITIES IN HABITATS WITHIN THE 50 M ISOBATH OF THE CONTINENTAL SHELF, UNDERSCORING THE IMPORTANCE OF THESE COASTAL AREAS, ALTHOUGH AMONG-SPECIES DIFFERENCES WERE EVIDENT. MODEL PERFORMANCE RESULTS SUGGESTED EVIDENCE FOR SPATIAL VARIATION IN JUVENILE SALMON SPECIES' DISTRIBUTIONS THROUGH TIME. OUR FINDINGS SUGGEST THAT AN SDM APPROACH CAN BE EFFECTIVE FOR ESTIMATING STATIC AND DYNAMIC JUVENILE SALMON DISTRIBUTIONS, AND FOR PROVIDING INSIGHTS THAT ARE USEFUL IN SPATIAL FISHERIES MANAGEMENT CONTEXTS.",HART LKG;CUNNINGHAM CJ;YASUMIISHI EM;MUETER FJ;THORSON JT;PIRTLE JL;DIMOND JA,2025,CANADIAN JOURNAL OF FISHERIES AND AQUATIC SCIENCES,10.1139/cjfas-2024-0137,SALMON ECOLOGY; GAM; VAST; JUVENILE SALMON; SPECIES DISTRIBUTION MODELING; ESSENTIAL FISH HABITAT
HOW WILL FISHERIES MANAGEMENT MEASURES CONTRIBUTE TOWARDS THE ATTAINMENT OF GOOD ENVIRONMENTAL STATUS FOR THE NORTH SEA ECOSYSTEM?,"EUROPEAN FISHERIES MANAGEMENT HAVE ADOPTED MAXIMUM SUSTAINABLE YIELD (MSY) TARGETS FOR FISHING MORTALITY ON COMMERCIAL SPECIES TO MAXIMISE THE PROVISION OF FOOD. EU MEMBER STATES ARE ALSO COMMITTED TO REACH GOOD ENVIRONMENTAL STATUS BY 2020 THROUGH THE MARINE STRATEGY FRAMEWORK DIRECTIVE WHICH AIMS TO PROTECT ALL ECOSYSTEM SERVICES. SO, HOW WILL FISHERIES MANAGEMENT MEASURES CONTRIBUTE TO ECOSYSTEM FUNCTIONING AND THE ATTAINMENT OF ENVIRONMENTAL OBJECTIVES AS MEASURED BY IMPROVEMENTS IN INDICATORS OF BIODIVERSITY AND FOOD WEBS? WE MODEL ECOSYSTEM EFFECTS OF FISHING IN THE NORTH SEA USING FOOD WEB MODEL PROJECTIONS INCORPORATING FISHING EFFORT STRATEGIES CONSISTENT WITH MSY TARGETS. CORRELATIONS BETWEEN MODELLED INDICATORS AND SURVEY DATA WERE SIGNIFICANT (P <= 0.02). REDUCED FISHING EFFORT LED TO INCREASES IN SIZE-BASED INDICATORS AND BIOMASSES OF BENTHIVORES, PLANKTIVORES AND PISCIVORES. HOWEVER, PREDATION BY PISCIVORES DEPRESSED BENTHO-PISCIVORE BIOMASS. CLIMATE WARMING MAY ALSO DECREASE BIOMASSES OF BENTHO-PISCIVORES AND PISCIVORES, WHILE PLANKTIVORES, BENTHIVORES AND STATE INDICATORS OF SIZE AND TROPHIC LEVEL MAY INCREASE. FISHERIES MANAGEMENT MEASURES WILL BENEFIT THE BIODIVERSITY OF THE FISH COMMUNITY IN TERMS OF SIZE STRUCTURE, BUT NOT NECESSARILY THE FOOD WEB SINCE DECREASES IN RELATIVE BIOMASS OF SOME TROPHIC GUILDS ARE EXPECTED. CROWN COPYRIGHT (C) 2015 PUBLISHED BY ELSEVIER B.V.",LYNAM CP;MACKINSON S,2015,GLOBAL ECOLOGY AND CONSERVATION,10.1016/j.gecco.2015.06.005,TEMPERATURE; ECOPATH WITH ECOSIM; ECOSYSTEM BASED MANAGEMENT; MIXED FISHERIES
ECOSYSTEM MODELS OF FISHING EFFECTS: PRESENT STATUS AND A SUGGESTED FUTURE PARADIGM,"QUANTITATIVE MODELING METHODS APPLIED TO ANTHROPOMORPHIC EFFECTS OF HARVESTING OIL AQUATIC ECOSYSTEMS HAVE BECOME INCREASINGLY UTILIZED TOOLS IN THE MANAGEMENT OF FISHERIES. HOWEVER, TO DATE TRADITIONAL MODELING APPROACHES HAVE NOT BEEN FOUND TO BE VERY USEFUL AS ""SURROGATE EXPERIMENTAL SYSTEMS"" IN APPLIED ECOLOGY, SUCH AS FISHING EFFECTS OIL ENTIRE ECOSYSTEMS. A REVIEW IS MADE OF SEVERAL DYNAMIC ECOSYSTEM MODELS, AND AN EFFORT IS MADE TO ASSESS THEIR UTILITY TO FISHERIES MANAGEMENT. BOTH THEORETICAL AND SIMULATION MODELS, AS WELL AS INDIVIDUAL-BASED MODELS ARE SHOWN TO BE OF LIMITED UTILITY FOR VARIOUS REASONS. A NEW PARADIGM BASED ON THE PREMISE THAT DYNAMIC BEHAVIOR OF MODELS, WHICH INCLUDES FISHING EFFECTS OIL THE ENTIRE AQUATIC ECOSYSTEM, EMERGES FROM LOW-LEVEL INTERACTIONS OF INDEPENDENT AGENTS. THIS CONCEPT IS ILLUSTRATED WITH SIMPLE ARTIFICIAL LIFE MODELS OF FISH SCHOOLING AND PREDATOR-PREY RELATIONS. THESE MODELS DESCRIBE EACH INDIVIDUAL FISH, INCLUDING ITS INTERACTION WITH OTHERS AND THE ENVIRONMENT. THERE IS NO OVERALL CONTROLLING PROGRAM. THUS, THE OVERALL BEHAVIOR OF THE SCHOOL AND PREDATOR-PREY RELATIONS EMERGE FROM LOCAL INTERACTIONS AMONG MANY INDIVIDUALS. A BRIEF DESCRIPTION OF THE PREMISE ON WHICH ARTIFICIAL LIFE IS BASED IS INCLUDED. EXAMPLES OF OTHER ARTIFICIAL LIFE MODELS AT ECOLOGICAL SCALES ARE PROVIDED AND SOME SPECIFICS ON ARTIFICIAL LIFE MODELS IN A FISHERIES CONTEXT ARE SUGGESTED.",SAILA SB,2009,FUTURE OF FISHERIES SCIENCE IN NORTH AMERICA,10.1007/978-1-4020-9210-7_14,ARTIFICIAL LIFE; ECOSYSTEM-LEVEL DYNAMIC MODEL
A MODEL OF FE SPECIATION AND BIOGEOCHEMISTRY AT THE TROPICAL EASTERN NORTH ATLANTIC TIME-SERIES OBSERVATORY SITE,"A ONE-DIMENSIONAL MODEL OF FE SPECIATION AND BIOGEOCHEMISTRY, COUPLED WITH THE GENERAL OCEAN TURBULENCE MODEL (GOTM) AND A NPZD-TYPE ECOSYSTEM MODEL, IS APPLIED FOR THE TROPICAL EASTERN NORTH ATLANTIC TIME-SERIES OBSERVATORY (TENATSO) SITE. AMONG DIVERSE PROCESSES AFFECTING FE SPECIATION, THIS STUDY IS FOCUSING ON INVESTIGATING THE ROLE OF DUST PARTICLES IN REMOVING DISSOLVED IRON (DFE) BY A MORE COMPLEX DESCRIPTION OF PARTICLE AGGREGATION AND SINKING, AND EXPLAINING THE ABUNDANCE OF ORGANIC FE-BINDING LIGANDS BY MODELLING THEIR ORIGIN AND FATE. THE VERTICAL DISTRIBUTION OF DIFFERENT PARTICLE CLASSES IN THE MODEL SHOWS HIGH SENSITIVITY TO CHANGING AGGREGATION RATES. USING THE AGGREGATION RATES FROM THE SENSITIVITY STUDY IN THIS WORK, MODELLED PARTICLE FLUXES ARE CLOSE TO OBSERVATIONS, WITH DUST PARTICLES DOMINATING NEAR THE SURFACE AND AGGREGATES DEEPER IN THE WATER COLUMN. POC EXPORT AT 1000 M IS A LITTLE HIGHER THAN REGIONAL SEDIMENT TRAP MEASUREMENTS, SUGGESTING FURTHER IMPROVEMENT OF MODELLING PARTICLE AGGREGATION, SINKING OR REMINERALISATION. MODELLED STRONG LIGANDS HAVE A HIGH ABUNDANCE NEAR THE SURFACE AND DECLINE RAPIDLY BELOW THE DEEP CHLOROPHYLL MAXIMUM, SHOWING QUALITATIVE SIMILARITY TO OBSERVATIONS. WITHOUT PRODUCTION OF STRONG LIGANDS, PHYTOPLANKTON CONCENTRATION FALLS TO 0 WITHIN THE FIRST 2 YEARS IN THE MODEL INTEGRATION, CAUSED BY STRONG FE-LIMITATION. A NUDGING OF TOTAL WEAK LIGANDS TOWARDS A CONSTANT VALUE IS REQUIRED FOR REPRODUCING THE OBSERVED NUTRIENT-LIKE PROFILES, ASSUMING A DECAY TIME OF 7 YEARS FOR WEAK LIGANDS. THIS INDICATES THAT WEAK LIGANDS HAVE A LONGER DECAY TIME AND THEREFORE CANNOT BE MODELLED ADEQUATELY IN A ONE-DIMENSIONAL MODEL. THE MODELLED DFE PROFILE IS STRONGLY INFLUENCED BY PARTICLE CONCENTRATION AND VERTICAL DISTRIBUTION, BECAUSE THE MOST IMPORTANT REMOVAL OF DFE IN DEEPER WATERS IS COLLOID FORMATION AND AGGREGATION. REDISSOLUTION OF PARTICULATE IRON IS REQUIRED TO REPRODUCE AN OBSERVED DFE PROFILE AT TENATSO SITE. ASSUMING COLLOIDAL IRON IS MAINLY COMPOSED OF INORGANIC COLLOIDS, THE MODELLED COLLOIDAL TO SOLUBLE IRON RATIO IS LOWER THAT OBSERVATIONS, INDICATING THE IMPORTANCE OF ORGANIC COLLOIDS.",YE Y;VÖLKER C;WOLF-GLADROW DA,2009,BIOGEOSCIENCES,10.5194/bg-6-2041-2009,NA
INFERENCE REASONING ON FISHERS' KNOWLEDGE USING BAYESIAN CAUSAL MAPS,"SCIENTISTS AND MANAGERS ARE NOT THE ONLY HOLDERS OF KNOWLEDGE REGARDING ENVIRONMENTAL ISSUES: OTHER STAKEHOLDERS SUCH AS FARMERS OR FISHERS DO HAVE EMPIRICAL AND RELEVANT KNOWLEDGE. THUS, NEW APPROACHES FOR KNOWLEDGE REPRESENTATION IN THE CASE OF MULTIPLE KNOWLEDGE SOURCES, BUT STILL ENABLING REASONING, ARE NEEDED. COGNITIVE MAPS AND BAYESIAN NETWORKS CONSTITUTE SOME USEFUL FORMALISMS TO ADDRESS KNOWLEDGE REPRESENTATIONS. COGNITIVE MAPS ARE POWERFUL GRAPHICAL MODELS FOR KNOWLEDGE GATHERING OR DISPLAYING. IF THEY OFFER AN EASY MEANS TO EXPRESS INDIVIDUAL JUDGMENTS, DRAWING INFERENCES IN COGNITIVE MAPS REMAINS A DIFFICULT TASK. BAYESIAN NETWORKS ARE WIDELY USED FOR DECISION MAKING PROCESSES THAT FACE UNCERTAIN INFORMATION OR DIAGNOSIS. BUT THEY ARE DIFFICULT TO ELICITATE. TO TAKE ADVANTAGE OF EACH FORMALISM AND TO OVERCOME THEIR DRAWBACKS, BAYESIAN CAUSAL MAPS HAVE BEEN DEVELOPED. IN THIS APPROACH, COGNITIVE MAPS ARE USED TO BUILD THE NETWORK AND OBTAIN CONDITIONAL PROBABILITY TABLES. WE PROPOSE HERE A COMPLETE FRAMEWORK APPLIED ON A REAL PROBLEM. FROM THE DIFFERENT VIEWS OF A GROUP OF SHELLFISH DREDGERS ABOUT THEIR ACTIVITY, WE DERIVE A DERISION FACILITATING TOOL, ENABLING SCENARIOS TESTING FOR FISHERIES MANAGEMENT. (C) 2015 ELSEVIER B.V. ALL RIGHTS RESERVED.",DE BEAUFORT LB;SEDKI K;FONTENELLE G,2015,ECOLOGICAL INFORMATICS,10.1016/j.ecoinf.2015.09.006,QUALITATIVE MODELING; COGNITIVE MAPS; BAYESIAN NETWORKS; FISHER'S KNOWLEDGE; FISHERIES MANAGEMENT; QUALITATIVE DECISION SUPPORT
MODELLING ACACIA SALIGNA INVASION IN A LARGE MEDITERRANEAN ISLAND USING PAB FACTORS: A TOOL FOR IMPLEMENTING THE EUROPEAN LEGISLATION ON INVASIVE SPECIES,"THE PRESENT STUDY AIMED TO INVESTIGATE THE ROLE OF PROPAGULE PRESSURE (P), ABIOTIC (A), AND BIOTIC (B) FACTORS (COLLECTIVELY INDICATED AS PAB) ON THE SUITABILITY OF THE MEDITERRANEAN ISLAND OF SARDINIA (ITALY) TO BE INVADED BY THE TREE ACACIA SALIGNA, RECENTLY INCLUDED IN THE LIST OF INVASIVE ALIEN SPECIES OF EUROPEAN UNION CONCERN. TO THIS AIM, A BINOMIAL GENERALIZED LINEAR MODEL WAS APPLIED FOR DISENTANGLING THE RELATIONSHIP BETWEEN 432 A. SALIGNA OCCURRENCE RECORDS AND 10 THEMATIC LAYERS, AT HIGH-RESOLUTION (10 X10 M), USED AS PROXIES FOR THE 3 CATEGORIES OF PAB VARIABLES. THE 432 OCCURRENCE RECORDS OF A. SALIGNA WERE PERIODICALLY MONITORED (PERIOD 20002018) TO CHECK THE PERSISTENCE OF THE POPULATIONS AND THEIR INVASIVE STATUS. THE PREDICTIVE POWER OF THE MODEL WAS EVALUATED BY COMPUTING THE MEAN OF THE AUC SCORES, THROUGH CROSS-FOLD VALIDATION. THE MODEL ADEQUATELY DESCRIBED HOW THE PAB FACTORS INFLUENCE THE PRESENCE OF A. SALIGNA WHICH IS MAINLY SHAPED BY ABIOTIC FACTORS SUCH AS TOPOGRAPHY, AND BIOTIC FACTORS SUCH AS THE PRESENCE OF WOODY DUNE VEGETATION, AND TO A LESSER EXTENT BY OTHER PREDICTORS. THE PROJECTION OF THE MODEL TO THE WHOLE ISLAND CLEARLY SHOWS THAT SUITABILITY VARIES AT THE LANDSCAPE LEVEL DUE TO THE VARIATION OF THE PAB ACROSS THE TERRITORY. THE PROBABILITY OF A. SALIGNA OCCURRENCE NEAR THE COAST IS HIGHER IN SAND DUNES. IN THE INTERNAL AREAS OF THE ISLAND IT OCCURS CLOSE TO THE ROADS AND URBAN AREAS. THIS STUDY AND THE TESTED METHODOLOGY COULD REPRESENT A SUITABLE TOOL TO PRIORITIZE AREAS FOR THE MONITORING OF A. SALIGNA TO MEET THE REQUIREMENTS OF THE REGULATION (EU) NO. 1143/2014 ON INVASIVE ALIEN SPECIES (THE IAS REGULATION).",LOZANO V;MARZIALETTI F;CARRANZA ML;CHAPMAN D;BRANQUART E;DOLOS K;GROSSE-STOLTENBERG A;FIORI M;CAPECE P;BRUNDU G,2020,ECOLOGICAL INDICATORS,10.1016/j.ecolind.2020.106516,CONSERVATION PLANNING; GENERALIZED LINEAR MODEL; INVASIVE ALIEN SPECIES REGULATION; INVASIVE SPECIES DISTRIBUTION MODEL; SARDINIA
"PREDICTING ESTUARINE FAUNAL ASSEMBLAGES USING ENDURING ENVIRONMENTAL SURROGATES, WITH APPLICATIONS IN SYSTEMATIC CONSERVATION PLANNING","CONSERVATION PLANNING IN ESTUARIES HAS LAGGED BEHIND THAT IN TERRESTRIAL AND MARINE AREAS, DESPITE THESE VALUABLE ECOSYSTEMS BEING AMONG THE MOST DEGRADED. THE CORE OF ANY SUCH APPROACH IS A RELIABLE HABITAT CLASSIFICATION AND INVENTORY OF TARGET BIOTA. THESE DATA, AND PARTICULARLY THE LATTER, ARE OFTEN LACKING AT THE LOCAL-REGIONAL SCALES MOST RELEVANT TO ESTUARINE MANAGEMENT. THIS STUDY PRESENTS A QUANTITATIVE APPROACH FOR PREDICTING THE LIKELY FISH AND BENTHIC INVERTEBRATE ASSEMBLAGES AT ANY UNSAMPLED ESTUARINE SITE USING READILY-OBTAINABLE AND ENDURING BIOPHYSICAL ATTRIBUTES. WE APPLY THIS SCHEME TO AN URBANISED ESTUARY AND PREDICT THE ABOVE FAUNAS THROUGHOUT ITS ENTIRE NEARSHORE ZONE. THESE DATA ARE THEN USED TO SYSTEMATICALLY DESIGN AN EXPLORATORY SPATIALLY-EFFICIENT RESERVE THAT MEETS REPRESENTATION TARGETS FOR NUMEROUS FAUNAL CONSERVATION FEATURES, AND TEST THE ABILITY OF AN EXISTING, UNSYSTEMATICALLY-DERIVED MARINE PARK TO DO THE SAME. SPATIAL PATTERNS IN THE ENDURING BIOPHYSICAL ATTRIBUTES OF LOCAL-SCALE HABITATS PROVIDED GOOD TO EXCELLENT SURROGATES FOR THOSE IN THE FISH AND INVERTEBRATE FAUNAS. ALL UNSAMPLED SITES WERE THEN SUCCESSFULLY ASSIGNED TO THEIR RESPECTIVE HABITAT AND CORRELATED FAUNA USING BIOPHYSICAL MEASUREMENTS AND A PREDICTIVE DECISION TREE. THE RESULTANT SPATIALLY-CONTINUOUS 'FAUNAL MAP' ENABLED QUANTIFICATION OF 67 CONSERVATION FEATURES, FROM WHICH RESERVES AIMED AT REPRESENTING 10-30% OF EACH FEATURE WERE SYSTEMATICALLY DERIVED. ALL RESERVES WERE HIGHLY EFFICIENT AND ALMOST ALWAYS MET REPRESENTATION TARGETS, CONTRASTING WITH THE EXISTING MARINE PARK WHICH UNDERREPRESENTED 40-80% OF FEATURES. RESERVE DESIGNS WERE, HOWEVER, SPREAD THROUGHOUT THE SYSTEM, HIGHLIGHTING THE COMPLEXITIES IN DESIGNING REPRESENTATIVE RESERVES FOR ESTUARINE ENVIRONMENTS THAT CAPTURE THEIR SPATIOTEMPORAL DIVERSITY.",VALESINI FJ;WILDSMITH MD;TWEEDLEY JR,2018,OCEAN & COASTAL MANAGEMENT,10.1016/j.ocecoaman.2018.08.007,ESTUARY; SYSTEMATIC CONSERVATION PLANNING; ABIOTIC SURROGATES; FAUNAL PREDICTION; FISH; BENTHIC MACROINVERTEBRATES
SCENARIO TESTING OF FISHERIES MANAGEMENT STRATEGIES USING A HIGH RESOLUTION ERSEM-POM ECOSYSTEM MODEL,"ECOSYSTEM MODELS ARE JUST BEGINNING TO BE CONSIDERED AS MANAGEMENT TOOLS. IN TERMS OF FISHERY IMPACTS, DYNAMIC ECOSYSTEM MODELS PROVIDE AN OPPORTUNITY TO MAKE ADVANCES BECAUSE THEY CAN BOTH EVALUATE THE STATE OF THE SYSTEM AND MAKE PREDICTIONS ABOUT THE ECOSYSTEM UNDER VARIOUS FISHING SCENARIOS. IN THE FRAMEWORK OF THE COST IMPACT PROJECT, A COMPLEX HIGH-RESOLUTION (500 X 500 M GRID) ECOSYSTEM MODEL WAS IMPLEMENTED IN IRAKLION BAY, CRETE. SEVERAL MANAGEMENT SCENARIOS WERE SIMULATED TO INVESTIGATE THE IMPACTS OF TRAWLING ON THIS PARTICULAR ECOSYSTEM (REDUCTIONS IN FISHING AREA, EFFORT, AND MORTALITY). INTRODUCING TRAWLING IMPACTS INTO THE MODEL LED TO INCREASES IN PELAGIC PRODUCTION. ALL SCENARIOS ALSO RESULTED IN NET INCREASES IN PELAGIC PRODUCTION, THE LEVEL OF WHICH, AND THE DEGREE OF SPATIAL VARIABILITY, WAS DEPENDENT ON THE PARTICULAR SCENARIO. CHANGES IN PELAGIC VARIABLES WERE OFTEN NOTED IN AREAS WELL AWAY FROM TRAWLED AREAS. IT WAS ALSO CLEAR THAT FOR PELAGIC VARIABLES AND PROCESSES, DEPTH OF TRAWLING IS MORE IMPORTANT THAN REDUCTION IN TRAWLING AREA, I.E. A SCENARIO BANNING FISHING IN WATERS SHALLOWER THAN 100 M SEEMS TO LEAD TO LESS CHANGE IN THE PELAGIC SYSTEM THAN A SCENARIO THAT REDUCES DIRECT MORTALITY TO THE BENTHOS.",PETIHAKIS G;SMITH CJ;TRIANTAFYLLOU G;SOURLANTZIS G;PAPADOPOULOU KN;POLLANI A;KORRES G,2007,ICES JOURNAL OF MARINE SCIENCE,10.1093/icesjms/fsm161,ECOSYSTEM MODEL; MANAGEMENT SCENARIOS; TRAWLING IMPACT
"BIOECONOMIC MODELING AND FISHERIES MANAGEMENT - CLARK,CW",NA,WILSON B,1986,JOURNAL OF BUSINESS & ECONOMIC STATISTICS,10.2307/1391581,NA
ASSESSING AND MANAGING THE THREAT POSED BY EPIPREMNUM AUREUM IN SOUTH AFRICA,"THE PREDICTIVE SUCCESS OF RISK ASSESSMENTS IS STILL LARGELY A FUNCTION OF INVASIVENESS ELSEWHERE. THEREFORE, SPECIES THAT ARE INVASIVE ELSEWHERE SHOULD BE PRIORITISED FOR MANAGEMENT, AND WHERE POSSIBLE ERADICATED. WE SET OUT TO INVESTIGATE THE THREAT POSED BY THE ALIEN CLIMBER EPIPREMNUM AUREUM ( ARACEAE) AND ASSESS TECHNIQUES FOR CONTROLLING THE SPREAD OF THE SPECIES IN SOUTH AFRICA. EPIPREMNUM AUREUM IS HIGHLY INVASIVE IN HAWAII AND SRI LANKA, AND HAS RECENTLY BEEN CONSIDERED AS A POTENTIAL INVADER IN SOUTH AFRICA. HOWEVER, NO STUDY HAS EXAMINED THE INVASION DYNAMICS OF THE SPECIES. WE MAPPED THE SPECIES' CURRENT DISTRIBUTION IN SOUTH AFRICA, MODELLED ITS POTENTIAL DISTRIBUTION GLOBALLY, AND EXPLORED CONTROL METHODS. WE ONLY RECORDED THE SPECIES IN THE KWAZULU-NATAL PROVINCE OF SOUTH AFRICA, COMPRISING 78 NATURALIZED POPULATIONS AND 321 CULTIVATED POPULATIONS. DELIMITATION SURVEYS OF THE NATURALIZED POPULATIONS REVEALED SIMILAR TO 187,000 PLANTS OVER SIMILAR TO 3 HA. SEVERAL OF THESE POPULATIONS COMPRISED PLANTS AS TALL AS THE TREES THEY WERE GROWING ON, AND WERE OFTEN FOUND FLOURISHING IN DUMP SITES, ALONG ROADSIDES OR AS A RESULT OF ESCAPING CULTIVATION. SPECIES DISTRIBUTION MODELS SHOWED THAT E. AUREUM HAS A HIGH PROBABILITY OF EXPANDING ITS CURRENT RANGE PRIMARILY ALONG THE COASTAL REGIONS OF SOUTH AFRICA AND INTO NEIGHBOURING COUNTRIES ON AFRICA'S EASTERN SEABOARD. DUE TO THE INVASION THREAT OF THE SPECIES, WE RECOMMEND THAT ALL PLANTS OUTSIDE CULTIVATION BE REMOVED. TO ACHIEVE THIS, WE FOUND THAT APPLYING HERBICIDES TO FRESHLY CUT STEMS SIGNIFICANTLY REDUCED PLANT GROWTH. GIVEN THE SPECIES' LIMITED DISPERSAL ABILITY AND EFFECTIVE CHEMICAL CONTROL METHODS, WE PROPOSE THAT E. AUREUM SHOULD BE LISTED AS CATEGORY 3 UNDER NEM: BA A&IS REGULATIONS, I.E. NATURALIZED POPULATIONS NEED TO BE MANAGED, IT CANNOT BE PROPAGATED OR SOLD IN FUTURE, BUT CURRENT GARDEN PLANTINGS MAY REMAIN. (C) 2016 SAAB. PUBLISHED BY ELSEVIER B.V. ALL RIGHTS RESERVED.",MOODLEY D;PROCHES S;WILSON JRU,2017,SOUTH AFRICAN JOURNAL OF BOTANY,10.1016/j.sajb.2016.12.005,BIOLOGICAL INVASIONS; CLIMATIC SUITABILITY; MANAGEMENT; POST-BORDER RISK ASSESSMENT; SOUTH AFRICA
COMPARING THE ECOLOGICAL RELEVANCE OF FOUR WAVE EXPOSURE MODELS,"WAVE EXPOSURE IS ONE OF THE MAIN STRUCTURING FORCES IN THE MARINE ENVIRONMENT. METHODS THAT ENABLE LARGE SCALE QUANTIFICATION OF ENVIRONMENTAL VARIABLES HAVE BECOME INCREASINGLY IMPORTANT FOR PREDICTING MARINE COMMUNITIES IN THE CONTEXT OF SPATIAL PLANNING AND COASTAL ZONE MANAGEMENT. EXISTING METHODS RANGE FROM CARTOGRAPHIC SOLUTIONS TO NUMERICAL HYDRODYNAMIC SIMULATIONS, AND DIFFER IN THE SCALE AND SPATIAL COVERAGE OF THEIR OUTPUTS. USING A BIOLOGICAL EXPOSURE INDEX WE COMPARED THE PERFORMANCE OF FOUR WAVE EXPOSURE MODELS RANGING FROM SIMPLE TO MORE ADVANCED TECHNIQUES. ALL MODELS WERE FOUND TO BE RELATED TO THE BIOLOGICAL EXPOSURE INDEX AND THEIR PERFORMANCE, MEASURED AS BOOTSTRAPPED R-2 DISTRIBUTIONS, OVERLAPPED. QUALITATIVELY, THERE WERE DIFFERENCES IN THE SPATIAL PATTERNS INDICATING HIGHER COMPLEXITY WITH MORE ADVANCED TECHNIQUES. IN ORDER TO CREATE COMPLEX SPATIAL PATTERNS WAVE EXPOSURE MODELS SHOULD INCLUDE DIFFRACTION, ESPECIALLY IN COASTAL AREAS RICH IN ISLANDS. THE INCLUSION OF WIND STRENGTH AND FREQUENCY, IN ADDITION TO WIND DIRECTION AND BATHYMETRY, FURTHER TENDED TO INCREASE THE AMOUNT OF EXPLAINED VARIATION. THE LARGE POTENTIAL OF HIGH-RESOLUTION NUMERICAL MODELS TO EXPLAIN THE OBSERVED PATTERNS OF SPECIES DISTRIBUTION IN COMPLEX COASTAL AREAS PROVIDE EXCITING OPPORTUNITIES FOR FUTURE RESEARCH. EASY ACCESS TO RELEVANT WAVE EXPOSURE MODELS WILL AID LARGE SCALE HABITAT CLASSIFICATION SYSTEMS AND THE CONTINUOUSLY GROWING FIELD OF MARINE SPECIES DISTRIBUTION MODELLING, ULTIMATELY SERVING MARINE SPATIAL MANAGEMENT AND PLANNING. (C) 2014 ELSEVIER LTD. ALL RIGHTS RESERVED.",SUNDBLAD G;BEKKBY T;ISÆUS M;NIKOLOPOULOS A;NORDERHAUG KM;RINDE E,2014,ESTUARINE COASTAL AND SHELF SCIENCE,10.1016/j.ecss.2014.01.008,WAVE EXPOSURE MODELS; WAVE FETCH; BIOLOGICAL EXPOSURE INDEX; ROCKY SHORE COMMUNITIES; NORWAY
COMBINING MESOCOSMS WITH MODELS REVEALS EFFECTS OF GLOBAL WARMING AND OCEAN ACIDIFICATION ON A TEMPERATE MARINE ECOSYSTEM,"OCEAN WARMING AND SPECIES EXPLOITATION HAVE ALREADY CAUSED LARGE-SCALE REORGANIZATION OF BIOLOGICAL COMMUNITIES ACROSS THE WORLD. ACCURATE PROJECTIONS OF FUTURE BIODIVERSITY CHANGE REQUIRE A COMPREHENSIVE UNDERSTANDING OF HOW ENTIRE COMMUNITIES RESPOND TO GLOBAL CHANGE. WE COMBINED A TIME-DYNAMIC INTEGRATED FOOD WEB MODELING APPROACH (ECOSIM) WITH PREVIOUS DATA FROM COMMUNITY-LEVEL MESOCOSM EXPERIMENTS TO DETERMINE THE INDEPENDENT AND COMBINED EFFECTS OF OCEAN WARMING, OCEAN ACIDIFICATION AND FISHERIES EXPLOITATION ON A WELL-MANAGED TEMPERATE COASTAL ECOSYSTEM. THE MESOCOSM PARAMETERS ENABLED IMPORTANT PHYSIOLOGICAL AND BEHAVIORAL RESPONSES TO CLIMATE STRESSORS TO BE PROJECTED FOR TROPHIC LEVELS RANGING FROM PRIMARY PRODUCERS TO TOP PREDATORS, INCLUDING SHARKS. THROUGH MODEL SIMULATIONS, WE SHOW THAT UNDER SUSTAINABLE RATES OF FISHERIES EXPLOITATION, NEAR-FUTURE WARMING OR OCEAN ACIDIFICATION IN ISOLATION COULD BENEFIT SPECIES BIOMASS AT HIGHER TROPHIC LEVELS (E.G., MAMMALS, BIRDS, AND DEMERSAL FINFISH) IN THEIR CURRENT CLIMATE RANGES, WITH THE EXCEPTION OF SMALL PELAGIC FISHES. HOWEVER, UNDER WARMING AND ACIDIFICATION COMBINED, BIOMASS INCREASES AT HIGHER TROPHIC LEVELS WILL BE LOWER OR ABSENT, WHILE IN THE LONGER TERM REDUCED PRODUCTIVITY OF PREY SPECIES IS UNLIKELY TO SUPPORT THE INCREASED BIOMASS AT THE TOP OF THE FOOD WEB. WE ALSO SHOW THAT INCREASES IN EXPLOITATION WILL SUPPRESS ANY POSITIVE EFFECTS OF HUMAN-DRIVEN CLIMATE CHANGE, CAUSING INDIVIDUAL SPECIES BIOMASS TO DECREASE AT HIGHER TROPHIC LEVELS. NEVERTHELESS, TOTAL FUTURE POTENTIAL BIOMASS OF SOME FISHERIES SPECIES IN TEMPERATE AREAS MIGHT REMAIN HIGH, PARTICULARLY UNDER ACIDIFICATION, BECAUSE UNHARVESTED OPPORTUNISTIC SPECIES WILL LIKELY BENEFIT FROM DECREASED COMPETITION AND SHOW AN INCREASE IN BIOMASS. ECOLOGICAL INDICATORS OF SPECIES COMPOSITION SUCH AS THE SHANNON DIVERSITY INDEX DECLINE UNDER ALL CLIMATE CHANGE SCENARIOS, SUGGESTING A TRADE-OFF BETWEEN BIOMASS GAIN AND FUNCTIONAL DIVERSITY. BY COUPLING PARAMETERS FROM MULTILEVEL MESOCOSM FOOD WEB EXPERIMENTS WITH DYNAMIC FOOD WEB MODELS, WE WERE ABLE TO SIMULATE THE GENERATIVE MECHANISMS THAT DRIVE COMPLEX RESPONSES OF TEMPERATE MARINE ECOSYSTEMS TO GLOBAL CHANGE. THIS APPROACH, WHICH BLENDS THEORY WITH EXPERIMENTAL DATA, PROVIDES NEW PROSPECTS FOR FORECASTING CLIMATE-DRIVEN BIODIVERSITY CHANGE AND ITS EFFECTS ON ECOSYSTEM PROCESSES.",ULLAH H;FORDHAM DA;GOLDENBERG SU;NAGELKERKEN I,2024,ECOLOGICAL APPLICATIONS,10.1002/eap.2977,BIODIVERSITY CHANGE; CLIMATE CHANGE; FISHERIES EXPLOITATION; FOOD WEB MODELS; MULTIPLE STRESSORS; SPECIES INTERACTIONS; TROPHIC MODELING
ECOSYSTEM MODELING IN THE NORTHEASTERN UNITED STATES: A COMMENT ON SIVEL ET AL,"SIVEL ET AL. REVIEWED ECOSYSTEM MODELS APPLIED IN THE NORTHEAST US (NEUS). THEIR CONCLUSIONS AND RECOMMENDATIONS HAVE SIGNIFICANT IMPLICATIONS FOR THE USE AND ADOPTION OF ECOSYSTEM MODELING IN THE NEUS, ELSEWHERE IN THE USA, AND AROUND THE WORLD, ESPECIALLY IN THE CONTEXT OF OPERATIONAL MANAGEMENT OF LIVING MARINE RESOURCES. SIVEL ET AL. CLAIM THAT NEUS ECOSYSTEM MODELING (1) HAS NO STANDARDS FOR EVALUATION, (2) LARGELY HAS NOT CONSIDERED CLIMATE CHANGE, (3) HAS NOT LARGELY CONSIDERED OR BEEN USED IN MANAGEMENT STRATEGY EVALUATIONS, (4) HAS HAD MODELERS IN THE NEUS THAT MOSTLY DO NOT COMMUNICATE WITH ECOSYSTEM MODELERS IN OTHER REGIONS, (5) HAS NOT UPDATED OR BEEN COGNIZANT OF ECOLOGICAL THEORY AS SEEN IN OUTPUTTED INDICATORS, AND (6) HAS NOT BEEN USED TO ADVANCE ECOSYSTEM-BASED (FISHERIES) MANAGEMENT NOR THAT ANY ADVANCEMENT OF EBM IS OCCURRING. THEIR CONCLUSIONS ARE BASED ON INCOMPLETE INFORMATION AND, AS A RESULT, ARE INACCURATE. THEIR RECOMMENDATIONS ARE GENERAL OR SELF-EVIDENT ENOUGH SUCH THAT NO ONE WOULD DISAGREE WITH THEM, BUT ARE ALSO DATED IN THAT THEY MISS THAT SUCH RECOMMENDATIONS HAVE ALREADY BEEN MADE (OFTEN DECADES EARLIER) AND ARE ALREADY BEING ADOPTED. I REFUTE ALL OF THIS WITH FACTUAL EVIDENCE THAT WAS NOT INCLUDED IN THEIR REVIEW. BECAUSE THESE ECOSYSTEM MODELS ARE USED IN AN OPERATIONAL CONTEXT, THE IMPLICATIONS THAT THESE MODELS WERE NOT ADEQUATELY BUILT, REVIEWED, OR USED UNDERMINES CONFIDENCE IN THEIR APPLICATION. I CONCLUDE WITH A FEW OTHER LESSONS FOR THE BROADER MARINE SCIENCE COMMUNITY. I SHARE THE AUTHORS' GOAL TO INCREASE THE POTENTIAL MOVE OF NEUS, US, AND GLOBAL FISHERIES MANAGEMENT TOWARDS ECOSYSTEM-BASED MANAGEMENT FRAMEWORKS, AND TRUST THAT THIS COMMENTARY PROVIDES A MORE COMPLETE STATUS OF THE STATE OF NEUS (AND BROADER) ECOSYSTEM MODELING EMPLOYED OPERATIONALLY FOR LIVING MARINE RESOURCE MANAGEMENT. I PROVIDE THE COMMENTS HEREIN NOT TO DISCOURAGE SIVEL ET AL., BUT RATHER (1) TO ENCOURAGE THEM AND THE ENTIRE COMMUNITY TO CONSIDER SOME OF THE BROADER THINGS THAT CAN BE COMMONLY MISSED IN REVIEWS LIKE WHAT THEY PRESENTED, AND (2) TO ENSURE THAT MISLEADING MESSAGES THAT CAN BE DAMAGING TO THE ECOSYSTEM MODELING ENTERPRISE ARE CORRECTED.",LINK JS,2025,ICES JOURNAL OF MARINE SCIENCE,10.1093/icesjms/fsaf210,ECOSYSTEM MODELING; LITERATURE REVIEW; EVIDENCE; CORRECTION
WITHIN-POPULATION VARIATIONS IN HOME RANGE USE AND FOOD PATCH USE OF JAPANESE MACAQUES: A PERSPECTIVE OF INTERGROUP HOSTILITY,"BEHAVIORAL MECHANISMS OF INTERGROUP FEEDING COMPETITION REMAIN UNCLEAR, DESPITE ITS IMPORTANCE AS A BENEFIT OF GROUP LIVING. JAPANESE MACAQUES IN THE COASTAL AND HIGHLAND FORESTS OF YAKUSHIMA, JAPAN, ARE IDEAL STUDY SUBJECTS BECAUSE THE INTENSITY OF INTERGROUP FEEDING COMPETITION DIFFERS WITHOUT PHYLOGENETIC EFFECTS. WE AIMED TO TEST WHETHER MACAQUES MODIFY HOME RANGE USE AND FOOD PATCH USE IN RESPONSE TO THE LOCATION-SPECIFIC RISK OF INTERGROUP ENCOUNTERS. USING BEHAVIORAL DATA FROM 3 GROUPS, WE EXAMINED THE BORDER AVOIDANCE AND THE EFFECTS OF FOOD PATCH LOCATION ON FOOD PATCH USE. ALL 3 GROUPS USED THE BORDER LESS FREQUENTLY THAN EXPECTED FROM ITS AREA. IN THE COASTAL FOREST CHARACTERIZED BY FREQUENT INTERGROUP AGGRESSION, THE SMALLER SUBORDINATE GROUP, NOT THE LARGER DOMINANT GROUP, INCREASED THE NUMBER OF CO-FEEDING INDIVIDUALS ALONG THE BORDER. THIS RESPONSE MIGHT REDUCE THE POTENTIAL COSTS OF INTERGROUP AGGRESSION. FEEDING DURATION IN ONE PATCH, VISUAL SCANNING, AND CO-FEEDING WITH ADULT MALES DID NOT DEPEND ON FOOD PATCH LOCATION FOR THE 2 GROUPS. IN CONTRAST, THE HIGHLAND GROUP DID NOT MODIFY FOOD PATCH USE ALONG THE BORDER OWING TO THE LOW RISK OF INTERGROUP ENCOUNTERS. OUR RESULTS HIGHLIGHT THE IMPORTANCE OF INTERGROUP HOSTILITY AS A SOCIAL FACTOR AFFECTING ANIMAL BEHAVIOR.",KURIHARA Y;HANYA G,2018,FOLIA PRIMATOLOGICA,10.1159/000493574,FEEDING COMPETITION; SOCIOECOLOGICAL MODEL; INTERGROUP RELATIONSHIPS; MACACA FUSCATA YAKUI
INTEGRATED COASTAL-TERRESTRIAL CONSERVATION PLANNING FOR LANDSCAPE-SCALE RESERVE DESIGN IN SOUTHEASTERN IRAN,"NATURAL HABITATS OF SOUTHEASTERN IRAN ARE THREATENED BY BOTH NATURAL AND ANTHROPOGENIC PRESSURES SUCH AS LONGTERM DROUGHT, DUST STORMS, AND LAND USE CHANGE. SURVEYS ON HABITAT SUITABILITY OF VULNERABLE SPECIES AND INTEGRATION OF PROTECTED AREAS HAVE RAISED ALARM OVER POTENTIAL SPECIES EXTINCTION AND GEOGRAPHICAL ISOLATION OF POPULATIONS. REDUCING THE THREATS OF HUMAN ACTIVITIES ON SENSITIVE TERRESTRIAL AND COASTAL ECOSYSTEMS REQUIRES INTEGRATED PLANNING AND MANAGEMENT OF TERRESTRIAL AND COASTAL PROTECTED AREAS, HOWEVER MANY OF THESE AREAS HAVE BEEN SELECTED AND MANAGED INDEPENDENTLY. SELECTING COASTAL PROTECTED AREAS NETWORK REQUIRE A SYSTEMATIC CONSERVATION PLANNING APPROACH, TO REDUCE THE DEVELOPMENT IMPACTS ON SENSITIVE HABITATS. THEREFORE, THIS STUDY AIMED TO IDENTIFY AN OPTIMIZED INTEGRATIVE NETWORK OF TERRESTRIAL AND COASTAL PROTECTED AREAS IN SOUTHEAST IRAN. AN ATTEMPT WAS MADE TO MAXIMIZE BIODIVERSITY CONSERVATION, REDUCE THE ISOLATION OF POPULATIONS, AND INCREASE THE RESILIENCE OF THE REGION'S NATURAL HABITATS TO NEW DEVELOPMENT PLANS BY INCLUDING COASTAL HABITATS MEETING THE REQUIREMENTS OF KEY SPECIES. FIRSTLY, SUITABLE HABITATS FOR SEVEN KEY SPECIES WERE SIMULATED BY SPECIES DISTRIBUTION MODELS (SDMS) PERFORMED VIA GENERALIZED LINEAR MODEL (GLM), GENERALIZED BOOSTED MODEL (GBM), RANDOM FOREST (RF), AND MAXIMUM ENTROPY (MAXENT) MODELS FITTED WITH 20 ECOLOGICAL AND ANTHROPOGENIC VARIABLES. A HABITAT SUITABILITY MAP WAS PRODUCED BY INTEGRATING THE SDM-DERIVED HABITAT SUITABILITY MAPS WITH THE SUITABLE EXTENTS IDENTIFIED FOR EGG-LAYING GREEN SEA TURTLE AND POTENTIAL HABITAT FOR AQUATIC AND SEMI-AQUATIC BIRDS. AN ATTEMPT WAS THEN MADE FOR SELECTING NEW TERRESTRIAL AND COASTAL PROTECTED AREAS USING THE SIMULATED ANNEALING ALGORITHM UNDER SIX SCENARIOS. ALL SDMS EXHIBITED PROMISING PERFORMANCES IN PREDICTING THE DISTRIBUTION OF SUITABLE HABITATS WITH AUC VALUES OF ABOVE 0.8 AND THE DISCRIMINATION POWER OF GBM AND RF WAS HIGHER THAN THAT OF THE OTHER SDMS. IN TOTAL, MORE THAN 34 PERCENT OF THE STUDY AREA, ALONG THE COASTLINE, WAS CATEGORIZED AS SENSITIVE OR EXTREMELY SENSITIVE HABITAT. AN EAST-WEST HABITAT CORRIDOR PRESENTLY UNPROTECTED PLAYING AN IMPORTANT ROLE IN CONNECTING HABITATS NEEDS TO BE SAFEGUARDED TO MAINTAIN REGIONAL BIODIVERSITY. MOREOVER, OUR STUDY REVEALED THAT THE MAJORITY OF SUITABLE HABITATS WITH HIGH POTENTIAL FOR SENSITIVE SPECIES ARE NOT CURRENTLY PROTECTED BY THE EXISTING PROTECTED AREA NETWORK.",SHAFIEZADEH M;MORADI H;FAKHERAN S;POURMANAFI S;SENN J,2019,ECOLOGICAL INDICATORS,10.1016/j.ecolind.2019.03.006,SPECIES DISTRIBUTION MODELING; BIODIVERSITY HOTSPOT; CONSERVATION PLANNING; FOCAL SPECIES; LANDSCAPE METRICS
PREVENTING THE COLLAPSE OF THE BALTIC COD STOCK THROUGH AN ECOSYSTEM-BASED MANAGEMENT APPROACH,"WORLDWIDE A NUMBER OF FISH STOCKS HAVE COLLAPSED BECAUSE OF OVERFISHING AND CLIMATE-INDUCED ECOSYSTEM CHANGES. DEVELOPING ECOSYSTEM-BASED FISHERIES MANAGEMENT (EBFM) TO PREVENT THESE CATASTROPHIC EVENTS IN THE FUTURE REQUIRES ECOLOGICAL MODELS INCORPORATING BOTH INTERNAL FOOD-WEB DYNAMICS AND EXTERNAL DRIVERS SUCH AS FISHING AND CLIMATE. USING A STOCHASTIC FOOD-WEB MODEL FOR A LARGE MARINE ECOSYSTEM (I.E., THE BALTIC SEA) HOSTING A COMMERCIALLY IMPORTANT COD STOCK, WE WERE ABLE TO RECONSTRUCT THE HISTORY OF THE STOCK. MOREOVER WE DEMONSTRATE THAT IN HINDSIGHT THE COLLAPSE COULD ONLY HAVE BEEN AVOIDABLE BY ADAPTING FISHING PRESSURE TO ENVIRONMENTAL CONDITIONS AND FOOD-WEB INTERACTIONS. THE MODELING APPROACH PRESENTED HERE REPRESENTS A SIGNIFICANT ADVANCE FOR EBFM, THE APPLICATION OF WHICH IS IMPORTANT FOR SUSTAINABLE RESOURCE MANAGEMENT IN THE FUTURE.",LINDEGREN M;MÖLLMANN C;NIELSEN A;STENSETH NC,2009,PROCEEDINGS OF THE NATIONAL ACADEMY OF SCIENCES OF THE UNITED STATES OF AMERICA,10.1073/pnas.0906620106,ECOSYSTEM-BASED FISHERIES MANAGEMENT; SUSTAINABILITY
"NAVIGATING STRESS: IMPACTS OF TEMPERATURE, POLYCYCLIC AROMATIC HYDROCARBONS, AND HEAVY METALS ON THE DIATOM THALASSIOSIRA WEISSFLOGII ADAPTED TO TROPICAL WATERS OF THE GULF OF GUINEA","THIS STUDY EVALUATED THE INDIVIDUAL AND COMBINED IMPACTS OF TEMPERATURE, PYRENE, AND CADMIUM ON THE COASTAL DIATOM THALASSIOSIRA WEISSFLOGII UNDER CONDITIONS REPRESENTATIVE OF THE GULF OF GUINEA. IN THE INDIVIDUAL STRESSOR EXPERIMENTS, TIME, RATHER THAN TEMPERATURE OR INDIVIDUAL POLLUTANTS, WAS THE PRIMARY FACTOR INFLUENCING GROWTH PARAMETERS. SPECIFICALLY, TEMPERATURE MODULATED DIATOM GROWTH WITH OPTIMAL PERFORMANCE AT 28 DEGREES C, WHILE 24 DEGREES C AND 32 DEGREES C CONDITIONS REDUCED CELL DENSITY, CHLOROPHYLL-A CONTENT, AND DRY BIOMASS. ON THE OTHER HAND, PYRENE SIGNIFICANTLY AFFECTED CELL DENSITY AND DRY BIOMASS, WHILE CADMIUM ELICITED MINIMAL EFFECTS ON ALL MEASURED PARAMETERS. IN COMBINED STRESSOR EXPERIMENTS, THE NEGATIVE IMPACTS OF PYRENE AND CADMIUM COMBINATIONS WERE MORE EXACERBATED AT 24 DEGREES C AND 32 DEGREES C, WHEREAS OPTIMAL THERMAL CONDITIONS (28 DEGREES C) PROVIDED PARTIAL MITIGATION FROM EXPOSURE TO STRESSORS. THESE FINDINGS HIGHLIGHT THE CRUCIAL ROLE OF TEMPERATURE IN MODULATING THE EFFECTS OF POLLUTANTS ON THALASSIOSIRA WEISSFLOGII, WITH COMBINED STRESS HAVING THE GREATEST IMPACT UNDER NON-OPTIMAL TEMPERATURE CONDITIONS. ADDITIONALLY, THE STUDY UNDERSCORES THE TEMPERATURE SENSITIVITY OF THALASSIOSIRA WEISSFLOGII IN TROPICAL ECOSYSTEMS AND OFFERS INSIGHTS INTO HOW THE SIMULTANEOUS STRESSORS OF RISING OCEAN TEMPERATURES AND INCREASING POLLUTION MAY AFFECT TROPICAL PHYTOPLANKTON DYNAMICS AND PRIMARY PRODUCTIVITY. LASTLY, THE STUDY EMPHASIZES THE IMPORTANCE OF INCORPORATING THERMAL THRESHOLDS INTO MARINE ECOSYSTEM MODELS TO MORE ACCURATELY PREDICT SHIFTS IN COASTAL AND OCEANIC FOOD WEBS UNDER CLIMATE CHANGE SCENARIOS.",ADHIAMBO R;MENSAH PK;KOOMSON A;ACHEAMPONG E,2025,AQUATIC TOXICOLOGY,10.1016/j.aquatox.2025.107388,TROPICAL ECOSYSTEMS; CLIMATE CHANGE; PYRENE; CADMIUM; GULF OF GUINEA; THALASSIOSIRA WEISSFLOGII
INCORPORATING REEF FISH AVOIDANCE BEHAVIOR IMPROVES ACCURACY OF SPECIES DISTRIBUTION MODELS,"SPECIES DISTRIBUTION MODELS (SDMS) ARE USED TO INTERPRET AND MAP FISH DISTRIBUTIONS BASED ON HABITAT VARIABLES AND OTHER DRIVERS. REEF FISH AVOIDANCE BEHAVIOR HAS BEEN SHOWN TO VARY IN THE PRESENCE OF DIVERS AND IS PRIMARILY DRIVEN BY SPEARFISHING PRESSURE. DIVER AVOIDANCE BEHAVIOR OR FISH WARINESS MAY SPATIALLY INFLUENCE COUNTS AND OTHER DESCRIPTIVE MEASURES OF FISH ASSEMBLAGES. BECAUSE FISH ASSEMBLAGE METRICS ARE RESPONSE VARIABLES FOR SDMS, MEASURES OF FISH WARINESS MAY BE USEFUL AS PREDICTORS IN SDMS OF FISHES TARGETED BY SPEARFISHING. WE USED A DIVER OPERATED STEREO-VIDEO SYSTEM TO CONDUCT FISH SURVEYS AND RECORD MINIMUM APPROACH DISTANCE (MAD) OF TARGETED REEF FISHES INSIDE AND OUTSIDE OF TWO MARINE RESERVES ON THE ISLAND OF O'AHU IN THE MAIN HAWAIIAN ISLANDS. BY COMPARING MAD BETWEEN SITES AND MANAGEMENT TYPES WE TESTED THE ASSUMPTION THAT IT PROVIDES A PROXY FOR FISH WARINESS RELATED TO SPEARFISHING PRESSURE. WE THEN COMPARED THE ACCURACY OF SDMS WHICH INCLUDED MAD AS A PREDICTOR WITH SDMS THAT DID NOT. INDIVIDUAL MEASURES OF MAD DIFFERED BETWEEN SITES THOUGH NOT MANAGEMENT TYPES. WHEN INCLUDED AS A PREDICTOR, MAD AVERAGED AT THE TRANSECT LEVEL GREATLY IMPROVED THE ACCURACY OF SDMS OF TARGETED FISH BIOMASS.",STAMOULIS KA;DELEVAUX JMS;WILLIAMS ID;FRIEDLANDER AM;REICHARD J;KAMIKAWA K;HARVEY ES,2020,PEERJ,10.7717/peerj.9246,MARINE PROTECTED AREA; SPEARFISHING; HAWAII; OBSERVER PRESENCE; STEREO-VIDEO; SPECIES DISTRIBUTION MODELS; CONSERVATION; FISHERIES MANAGEMENT; FLIGHT INITIATION DISTANCE; COMPLIANCE
EXPLORING THE ROLE OF DIFFERENT DATA TYPES AND TIMESCALES IN THE QUALITY OF MARINE BIOGEOCHEMICAL MODEL CALIBRATION,"GLOBAL BIOGEOCHEMICAL OCEAN MODELS HELP TO INVESTIGATE THE PRESENT AND POTENTIAL FUTURE STATE OF THE OCEAN, ITS PRODUCTIVITY AND CASCADING EFFECTS ON HIGHER TROPHIC LEVELS SUCH AS FISH. THEY ARE OFTEN SUBJECTIVELY TUNED AGAINST DATA SETS OF INORGANIC TRACERS AND SURFACE CHLOROPHYLL AND ONLY VERY RARELY AGAINST ORGANIC COMPONENTS SUCH AS PARTICULATE ORGANIC CARBON OR ZOOPLANKTON. THE RESULTING UNCERTAINTY IN BIOGEOCHEMICAL MODEL PARAMETERS (AND PARAMETERISATIONS) ASSOCIATED WITH THESE COMPONENTS CAN EXPLAIN SOME OF THE LARGE SPREAD OF GLOBAL MODEL SOLUTIONS WITH REGARD TO THE CYCLING OF ORGANIC MATTER AND ITS IMPACTS ON BIOGEOCHEMICAL TRACER DISTRIBUTIONS, SUCH AS OXYGEN MINIMUM ZONES (OMZS). A SECOND SOURCE OF UNCERTAINTY ARISES FROM DIFFERENCES IN THE MODEL SPIN-UP LENGTH AS, SO FAR, THERE SEEMS TO BE NO AGREEMENT ON THE REQUIRED SIMULATION TIME THAT SHOULD ELAPSE BEFORE A GLOBAL MODEL IS ASSESSED AGAINST OBSERVATIONS.WE INVESTIGATED THESE TWO SOURCES OF UNCERTAINTY BY OPTIMISING A GLOBAL BIOGEOCHEMICAL OCEAN MODEL AGAINST THE ROOT-MEAN-SQUARED ERROR (RMSE) OF SIX DIFFERENT COMBINATIONS OF DATA SETS AND DIFFERENT SPIN-UP TIMES. BESIDES NUTRIENTS AND OXYGEN, THE OBSERVATIONAL DATA SETS ALSO INCLUDED PHYTO- AND ZOOPLANKTON, AS WELL AS DISSOLVED AND PARTICULATE ORGANIC PHOSPHORUS (DOP AND POP, RESPECTIVELY). WE FURTHER ANALYSED THE OPTIMISED MODEL PERFORMANCE WITH REGARD TO GLOBAL BIOGEOCHEMICAL FLUXES, OXYGEN INVENTORY AND OMZ VOLUME.FOLLOWING THE OPTIMISATION PROCEDURE, WE EVALUATED THE RMSE FOR ALL TRACERS LOCATED IN THE UPPER 100 M (EXCEPT FOR POP, FOR WHICH WE CONSIDERED THE ENTIRE VERTICAL DOMAIN), REGARDLESS OF THEIR CONSIDERATION DURING OPTIMISATION. FOR THE DIFFERENT OPTIMAL MODEL SOLUTIONS, WE FIND A NARROW RANGE OF THE RMSE, BETWEEN 14 % OF THE AVERAGE RMSE AFTER 10 YEARS AND 24 % AFTER 3000 YEARS OF SIMULATION. GLOBAL BIOGEOCHEMICAL FLUXES, GLOBAL OXYGEN BIAS AND OMZ VOLUME SHOWED A MUCH STRONGER DIVERGENCE AMONG THE MODELS AND OVER TIME THAN RMSE, INDICATING THAT EVEN MODELS THAT ARE SIMILAR WITH REGARD TO LOCAL SURFACE TRACER CONCENTRATIONS CAN PERFORM VERY DIFFERENTLY WHEN ASSESSED AGAINST THE GLOBAL DIAGNOSTICS FOR OXYGEN. CONSIDERING ORGANIC TRACERS IN THE OPTIMISATION HAD A STRONG IMPACT ON THE PARTICLE FLUX EXPONENT (MARTIN B) AND MAY REDUCE MUCH OF THE UNCERTAINTY IN THIS PARAMETER AND THE RESULTING DEEP PARTICLE FLUX. INDEPENDENT OF THE OPTIMISATION SETUP, THE OMZ VOLUME SHOWED A PARTICULARLY SENSITIVE RESPONSE WITH STRONG TRENDS OVER TIME, EVEN AFTER 3000 YEARS OF SIMULATION TIME (DESPITE THE CONSTANT PHYSICAL FORCING); A HIGH SENSITIVITY TO SIMULATION TIME; AND THE HIGHEST SENSITIVITY TO MODEL PARAMETERS ARISING FROM THE TUNING STRATEGY SETUP (VARIATION OF ALMOST 80 % OF THE ENSEMBLE MEAN).IN CONCLUSION, CALIBRATION AGAINST OBSERVATIONS OF ORGANIC TRACERS CAN HELP TO IMPROVE GLOBAL BIOGEOCHEMICAL MODELS EVEN AFTER SHORT SPIN-UP TIMES; HERE ESPECIALLY, OBSERVATIONS OF DEEP PARTICLE FLUX COULD PROVIDE A POWERFUL CONSTRAINT. HOWEVER, A LARGE UNCERTAINTY REMAINS WITH REGARD TO GLOBAL OMZ VOLUME AND ITS EVOLUTION OVER TIME, WHICH CAN SHOW VERY DYNAMIC BEHAVIOUR DURING THE MODEL SPIN-UP, WHICH RENDERS TEMPORAL EXTRAPOLATION TO A FINAL EQUILIBRIUM STATE DIFFICULT IF NOT IMPOSSIBLE. GIVEN THAT THE REAL OCEAN SHOWS VARIATIONS ON MANY TIMESCALES, THE ASSUMPTION OF OBSERVATIONS REPRESENTING A STEADY-STATE OCEAN MAY REQUIRE SOME RECONSIDERATION.",KRIEST I;GETZLAFF J;LANDOLFI A;SAUERLAND V;SCHARTAU M;OSCHLIES A,2023,BIOGEOSCIENCES,10.5194/bg-20-2645-2023,NA
"APPLICATION OF SPECIES DISTRIBUTION MODELS TO EXPLAIN AND PREDICT THE DISTRIBUTION, ABUNDANCE AND ASSEMBLAGE STRUCTURE OF NEARSHORE TEMPERATE REEF FISHES","AIM THE PURPOSE OF THIS STUDY WAS TO CREATE PREDICTIVE SPECIES DISTRIBUTION MODELS (SDMS) FOR TEMPERATE REEF-ASSOCIATED FISH SPECIES DENSITIES AND FISH ASSEMBLAGE DIVERSITY AND RICHNESS TO AID IN MARINE CONSERVATION AND SPATIAL PLANNING. LOCATION CALIFORNIA, USA. METHODS USING GENERALIZED ADDITIVE MODELS, WE ASSOCIATED FISH SPECIES DENSITIES AND ASSEMBLAGE CHARACTERISTICS WITH SEAFLOOR STRUCTURE, GIANT KELP BIOMASS AND WAVE CLIMATE AND USED THESE ASSOCIATIONS TO PREDICT THE DISTRIBUTION AND ASSEMBLAGE STRUCTURE ACROSS THE STUDY AREA. WE TESTED THE ACCURACY OF THESE PREDICTED EXTRAPOLATIONS USING AN INDEPENDENT DATA SET. THE SDMS WERE ALSO USED TO ESTIMATE LARGER SCALE ABUNDANCES TO COMPARE WITH OTHER ESTIMATES OF SPECIES ABUNDANCE (UNIFORM DENSITY EXTRAPOLATION OVER ROCKY REEF AND DENSITY EXTRAPOLATIONS TAKING INTO ACCOUNT VARIATIONS IN GEOMORPHIC STRUCTURE). RESULTS THE SDMS SUCCESSFULLY MODELLED THE SPECIES-HABITAT RELATIONSHIPS OF SEVEN ROCKY REEF-ASSOCIATED FISH SPECIES AND SHOWED THAT SPECIES' DENSITIES DIFFERED IN THEIR RELATIONSHIPS WITH ENVIRONMENTAL VARIABLES. THE PREDICTIVE ACCURACY OF THE SDMS RANGED FROM 0.26 TO 0.60 (PEARSON'S R CORRELATION BETWEEN OBSERVED AND PREDICTED DENSITY VALUES). THE SDMS CREATED FOR THE FISH ASSEMBLAGE-LEVEL VARIABLES HAD HIGHER PREDICTION ACCURACIES WITH PEARSON'S R VALUES OF 0.61 FOR DIVERSITY AND 0.71 FOR RICHNESS. THE COMPARISONS OF THE DIFFERENT METHODS FOR EXTRAPOLATING SPECIES DENSITIES OVER A SINGLE MARINE PROTECTED AREA VARIED GREATLY IN THEIR ABUNDANCE ESTIMATES WITH THE UNIFORM EXTRAPOLATION (DENSITY VALUES EXTRAPOLATED EVENLY OVER THE ROCKY REEF) ALWAYS ESTIMATING MUCH GREATER ABUNDANCES. THE OTHER TWO METHODS, WHICH TOOK INTO ACCOUNT VARIATION IN THE GEOMORPHIC STRUCTURE OF THE REEF, PROVIDED MUCH LOWER ABUNDANCE ESTIMATES. MAIN CONCLUSIONS SPECIES DISTRIBUTION MODELS THAT COMBINE GEOMORPHIC, OCEANOGRAPHIC AND BIOGENIC HABITAT VARIABLES CAN RELIABLY PREDICT SPATIAL PATTERNS OF SPECIES DENSITY AND ASSEMBLAGE ATTRIBUTES OF TEMPERATE REEF FISHES AT SPATIAL SCALES OF 50M. THUS, SDMS SHOW GREAT PROMISE FOR INFORMING SPATIAL AND ECOSYSTEM-BASED APPROACHES TO CONSERVATION AND FISHERIES MANAGEMENT.",YOUNG M;CARR MH,2015,DIVERSITY AND DISTRIBUTIONS,10.1111/ddi.12378,GENERALIZED ADDITIVE MODELS; MARINE LANDSCAPE ECOLOGY; MARINE PROTECTED AREAS; MARINE SPATIAL MANAGEMENT; SPECIES DISTRIBUTION MODELS; TEMPERATE REEF FISHES
MODELLING EMERGENT TROPHIC STRATEGIES IN PLANKTON,"PLANKTON ARE TYPICALLY DIVIDED INTO PHYTOPLANKTON AND ZOOPLANKTON IN MARINE ECOSYSTEM MODELS. YET, MOST PROTISTS IN THE PHOTIC ZONE ENGAGE IN SOME DEGREE OF PHAGOTROPHY, AND IT HAS BEEN SUGGESTED THAT TROPHIC STRATEGY IS REALLY A CONTINUUM BETWEEN PURE PHOTOTROPHS (PHYTOPLANKTON) AND PURE PHAGOTROPHS (UNICELLULAR ZOOPLANKTON). SUCH A CONTINUUM OF TROPHIC STRATEGIES IS WELL REPRESENTED BY TRAIT-BASED MODELLING TECHNIQUES. A KEY MODEL INGREDIENT IS THE SIZE OF INDIVIDUAL CELLS, AS SIZE CONSTRAINS AFFINITIES FOR NUTRIENT UPTAKE, PHOTOSYNTHESIS AND ACTIVE ENCOUNTER WITH OTHER CELLS. WE OUTLINE A GENERAL TRAIT-BASED MODEL OF A UNICELLULAR PLANKTONIC ORGANISM WHERE SIZE IS A CENTRAL TRAIT AND WHERE NUTRIENT UPTAKE, PHOTOSYNTHESIS AND PHAGOTROPHY ARE DETERMINED BY INVESTMENTS INTO THESE FUNCTIONS AND BY THE PHYSICAL CONSTRAINTS IMPOSED BY ORGANISM SIZE. THIS FRAMEWORK PROVIDES SIMPLE PREDICTIONS OF HOW TROPHIC STRATEGY CORRELATES WITH SIZE.",ANDERSEN KH;AKSNES DL;BERGE T;FIKSEN O;VISSER A,2015,JOURNAL OF PLANKTON RESEARCH,10.1093/plankt/fbv054,TRADE-OFF; OPTIMIZATION; MIXOTROPHY
"COLD BLOOD IN WARMING WATERS: EFFECTS OF AIR TEMPERATURE, PRECIPITATION, AND GROUNDWATER ON GULF STURGEON THERMAL HABITATS IN A CHANGING CLIMATE","OBJECTIVEIN A CHANGING CLIMATE, THE EFFECTS OF AIR TEMPERATURE, PRECIPITATION, AND GROUNDWATER ON WATER TEMPERATURE AND THERMAL HABITAT SUITABILITY FOR GULF STURGEON ACIPENSER DESOTOI, LISTED AS THREATENED UNDER THE U.S. ENDANGERED SPECIES ACT, ARE NOT WELL UNDERSTOOD. HENCE, WE INCORPORATED THESE FACTORS INTO THERMAL HABITAT MODELS TO FORECAST HOW GULF STURGEON MAY BE AFFECTED BY WIDE-RANGING CLIMATE CHANGE SCENARIOS IN 2024-2074.METHODSUSING DATA FROM THE CHOCTAWHATCHEE RIVER, FLORIDA, WE DEVELOPED PRECIPITATION- AND GROUNDWATER-CORRECTED AIR-WATER TEMPERATURE MODELS, COMPARED THEIR ACCURACY WITH THAT OF CONVENTIONAL AIR-WATER TEMPERATURE MODELS USED IN FISHERIES MANAGEMENT, AND PROJECTED FUTURE GULF STURGEON THERMAL HABITAT SUITABILITY FOR NORMAL PHYSIOLOGICAL FUNCTIONING AND FIELDWORK (I.E., POPULATION SAMPLING AND TELEMETRY SURGERIES) IN SUMMER (MAY-AUGUST) UNDER 16 CLIMATE CHANGE SCENARIOS.RESULTPRECIPITATION- AND GROUNDWATER-CORRECTED MODELS WERE MORE ACCURATE THAN CONVENTIONAL AIR-WATER TEMPERATURE MODELS (MEAN IMPROVEMENT IN ADJUSTED R2 = +0.45; RANGE = +0.09 TO +0.75). WATER TEMPERATURE WAS PROJECTED TO WARM AT WIDELY VARIABLE RATES ACROSS CLIMATE CHANGE SCENARIOS ENCOMPASSING DIFFERENT AIR TEMPERATURE, PRECIPITATION, AND GROUNDWATER REGIMES. IMPORTANTLY, GULF STURGEON SUMMER AGGREGATION AREAS WERE COOLER AND INFLUENCED MORE BY PRECIPITATION AND GROUNDWATER AND LESS BY AIR TEMPERATURE THAN WERE NON-AGGREGATION AREAS. IF PRECIPITATION AND GROUNDWATER-AS DRIVERS OF COOLING-BECOME WARM IN A CHANGING CLIMATE, SUMMER AGGREGATION AREAS WERE PROJECTED TO EXHIBIT THERMAL HABITAT DEGRADATION EQUIVALENT TO OR GREATER THAN THAT OF NON-AGGREGATION AREAS.CONCLUSIONOUR RESULTS ADD HYDROLOGICAL CONTEXT TO THE PREMISE THAT AGGREGATION AREAS PROVIDE COOL WATER AND ENERGETIC SAVINGS FOR GULF STURGEON DURING SUMMER, UNDERSCORING THE IMPORTANCE OF PROTECTING THESE HABITATS THROUGH GROUNDWATER CONSERVATION, WATER QUALITY MONITORING, AND RIPARIAN/WATERSHED HABITAT MANAGEMENT. OUR FINDINGS INDICATE THAT IDENTIFYING THERMALLY APPROPRIATE TIMES FOR FIELDWORK ACTIVITIES WILL BE INCREASINGLY IMPORTANT AND TIME-RESTRICTED AS CLIMATE CHANGE INTENSIFIES. HOWEVER, OUR RESEARCH PROVIDES MANAGERS WITH A PORTFOLIO OF WATER TEMPERATURE MODELS AND AN ACCURATE, COST-EFFECTIVE, MANAGEMENT-RELEVANT APPROACH TO FORECASTING THERMAL HABITAT CONDITIONS FOR GULF STURGEON AND OTHER SPECIES IN A CHANGING CLIMATE. IMPACT STATEMENT WATER TEMPERATURE MODELS WITH PRECIPITATION AND GROUNDWATER ARE ACCURATE AND USEFUL, ALLOWING MANAGERS TO LOCATE KEY THERMAL HABITATS, FORECAST TEMPERATURES, AND DECIDE WHEN AND WHERE TO SAFELY TARGET, CAPTURE, TAG, AND MONITOR GULF STURGEON AND OTHER SPECIES AMID CLIMATE CHANGE.",CARLSON AK;GAFFEY BM,2024,NORTH AMERICAN JOURNAL OF FISHERIES MANAGEMENT,10.1002/nafm.11028,AIR TEMPERATURE; CLIMATE CHANGE; GROUNDWATER; GULF STURGEON; PRECIPITATION; THERMAL HABITAT; WATER TEMPERATURE
INTEGRATING CITIZEN SCIENCE DATA WITH EXPERT SURVEYS INCREASES ACCURACY AND SPATIAL EXTENT OF SPECIES DISTRIBUTION MODELS,"AIM INFORMATION ON SPECIES' HABITAT ASSOCIATIONS AND DISTRIBUTIONS, ACROSS A WIDE RANGE OF SPATIAL AND TEMPORAL SCALES, IS A FUNDAMENTAL SOURCE OF ECOLOGICAL KNOWLEDGE. HOWEVER, COLLECTING INFORMATION AT RELEVANT SCALES IS OFTEN COST PROHIBITIVE, ALTHOUGH IT IS ESSENTIAL FOR FRAMING THE BROADER CONTEXT OF MORE FOCUSED RESEARCH AND CONSERVATION EFFORTS. CITIZEN SCIENCE HAS BEEN SIGNALLED AS AN INCREASINGLY IMPORTANT SOURCE TO FILL IN DATA GAPS WHERE INFORMATION IS NEEDED TO MAKE COMPREHENSIVE AND ROBUST INFERENCES ON SPECIES DISTRIBUTIONS. HOWEVER, THERE ARE PERCEIVED TRADE-OFFS OF COMBINING HIGHLY STRUCTURED, SCIENTIFIC SURVEY DATA WITH LARGELY UN-STRUCTURED, CITIZEN SCIENCE DATA. METHODS WE EXPLORE THESE TRADE-OFFS BY APPLYING A SIMPLIFIED APPROACH OF FILTERING CITIZEN SCIENCE DATA TO RESEMBLE STRUCTURED SURVEY DATA AND ANALYSE BOTH SOURCES OF DATA UNDER A COMMON FRAMEWORK. TO ACCOMPLISH THIS, WE INTEGRATED HIGH-RESOLUTION SURVEY DATA ON SHOREBIRDS IN THE NORTHERN CENTRAL VALLEY OF CALIFORNIA WITH OBSERVATIONS IN EBIRD FOR THE ENTIRE REGION THAT WERE FILTERED TO IMPROVE THEIR QUALITY. RESULTS THE INTEGRATION OF SURVEY DATA WITH THE FILTERED CITIZEN SCIENCE DATA RESULTED IN IMPROVED INFERENCE AND INCREASED THE EXTENT AND ACCURACY OF DISTRIBUTION MODELS ON SHOREBIRDS FOR THE CENTRAL VALLEY. THE STRUCTURED SURVEYS IMPROVED THE OVERALL ACCURACY OF ECOLOGICAL INFERENCE OVER MODELS USING CITIZEN SCIENCE DATA ONLY BY INCREASING THE REPRESENTATION OF DATA COLLECTED FROM HIGH-QUALITY HABITATS FOR SHOREBIRDS. MAIN CONCLUSIONS THE PRACTICAL APPROACH WE HAVE SHOWN FOR DATA INTEGRATION CAN ALSO BE USED TO IMPROVE THE EFFICIENCY OF DESIGNING BIOLOGICAL SURVEYS IN THE CONTEXT OF LARGER, CITIZEN SCIENCE MONITORING EFFORTS, ULTIMATELY REDUCING THE FINANCIAL AND TIME EXPENDITURES TYPICALLY REQUIRED OF MONITORING PROGRAMS AND FOCUSED RESEARCH. THE SIMPLE METHOD WE PRESENT CAN BE USED TO INTEGRATE OTHER TYPES OF DATA WITH MORE LOCALIZED EFFORTS, ULTIMATELY IMPROVING OUR ECOLOGICAL KNOWLEDGE ON THE DISTRIBUTION AND HABITAT ASSOCIATIONS OF SPECIES OF CONSERVATION CONCERN WORLDWIDE.",ROBINSON OJ;RUIZ-GUTIERREZ V;REYNOLDS MD;GOLET GH;STRIMAS-MACKEY M;FINK D,2020,DIVERSITY AND DISTRIBUTIONS,10.1111/ddi.13068,CITIZEN SCIENCE; DATA FILTERING; DATA INTEGRATION; DATA QUALITY; ECOLOGICAL NICHE MODEL; SPECIES DISTRIBUTION MODEL; STRUCTURED SURVEY
ECOLOGICAL RESEARCH FOR AQUATIC SCIENCE AND ENVIRONMENTAL RESTORATION IN SOUTH FLORIDA,"THE THEME OF THIS FEATURE-THE LAND-WATER INTERFACE: SCIENCE FOR A SUSTAINABLE BIOSPHERE-PROVIDES A FORUM TO HIGHLIGHT THE RELATIONSHIP BETWEEN SCIENCE AND RESOURCE MANAGEMENT, USING RESTORATION OF THE KISSIMMEE-OKEECHOBEE-EVERGLADES (KOE) ECOSYSTEM OF SOUTH FLORIDA AS A CASE STUDY. THIS SUBTROPICAL ECOSYSTEM ENCOMPASSES 16 COUNTIES AND 44 000 KM(2), FROM THE KISSIMMEE CHAIN OF LAKES IN CENTRAL FLORIDA TO THE SHALLOW ESTUARINE WATERS OF FLORIDA BAY, AND IS WITHIN THE JURISDICTION OF THE SOUTH FLORIDA WATER MANAGEMENT DISTRICT. DURING THE NEXT TWO DECADES, THE FLOODPLAIN AND CHANNEL OF THE KISSIMMEE RIVER WILL BE RE-COUPLED INTO A MEANDERING RIVER SYSTEM WITH RIPARIAN WETLANDS AND A MORE NATURAL HYDROLOGY. AN EVALUATION PROGRAM ON THIS RESTORATION HAS BEEN DESIGNED USING ECOLOGICAL CONCEPTS AND WILL PROVIDE OPPORTUNITIES TO CORROBORATE RIVER/FLOODPLAIN THEORY AND DOCUMENT THE VARIED RESPONSES OF BIOTIC COMMUNITIES TO HYDROLOGICAL RESTORATION. THE EVALUATION PROGRAM WILL PROVIDE THE INFORMATION NEEDED FOR ADAPTIVE MANAGEMENT OF THE RIVER/FLOODPLAIN ECOSYSTEM. SCIENTISTS AND ENGINEERS ARE TESTING AN ARRAY OF ECOLOGICAL HYPOTHESES ON LAKE OKEECHOBEE, A CENTRAL FEATURE OF THE KOE ECOSYSTEM, TO REDUCE UNCERTAINTY IN PREDICTING RESPONSES TO NUTRIENT LOADING, LAKE STAGE VARIATION, AND EXOTIC SPECIES INVASION. RESEARCH ON THE LAKE HAS CLARIFIED THE LINKAGE BETWEEN PHYSICAL FACTORS, NUTRIENT LEVELS AND BIOTIC VARIABLES, AND THE FREQUENCY OF ALGAL BLOOMS. THIS INFORMATION HAS BEEN USED TO SUPPORT DECISIONS AND PLANS FOR MANAGING THE LAKE AND ITS WATERSHED. RESTORATION OF THE FLORIDA EVERGLADES IS GROUNDED IN A DIVERSE SUITE OF SCIENTIFIC PROJECTS THAT ARE CONTRIBUTING TO WETLAND SCIENCE, ECOSYSTEM MODELING, AND RESTORATION ECOLOGY. STUDIES ON THE EFFECTS OF NUTRIENTS ON WETLAND ECOSYSTEM STRUCTURE AND FUNCTION HAVE PROVIDED INFORMATION AT SEVERAL SPATIAL SCALES WHICH IS BEING APPLIED DIRECTLY TO MANAGEMENT ISSUES. FINDINGS FROM RESEARCH AND MONITORING HAVE BEEN CRUCIAL IN SUPPORTING DECISIONS ON THE COMPLETION OF SIX LARGE STORMWATER TREATMENT AREAS IN THE EVERGLADES CONSTRUCTION PROJECT. AT THE SOUTHERN EDGE OF THE ECOSYSTEM, FLORIDA BAY HAS BEEN THE FOCUS OF INTENSIVE RESEARCH LEADING TO CHANGING PARADIGMS ON THE RELATIVE EFFECTS OF NUTRIENTS, TURBIDITY, PHYSICAL FACTORS, AND FRESH WATER ON THE FUNCTIONS OF THIS UNIQUE ESTUARY. SCIENTIFIC FINDINGS ON THE BAY SUPPORT THE CURRENT DIRECTION OF MANAGEMENT ACTIONS TO INCREASE FRESHWATER INPUTS FROM THE SOUTHERN EVERGLADES, ALTHOUGH MUCH REMAINS TO BE LEARNED ABOUT THIS SUBTROPICAL SYSTEM. MANAGEMENT-ORIENTED RESEARCH HAS CONTRIBUTED TO A LARGE INCREASE IN THE RATE OF SCIENTIFIC PUBLICATION ON THE KOE ECOSYSTEM. APPROXIMATELY 1500 ARTICLES HAVE BEEN PUBLISHED ON THE SYSTEM IN THE 1990S, AND THESE HAVE CONTRIBUTED TO ADVANCING BASIC SCIENCE AS WELL AS RESOURCE MANAGEMENT. ECOLOGICAL REPORTS BEING PUBLISHED ON THE ECOSYSTEM USE STATE-OF-THE-ART APPROACHES TO TIME AND SPACE SCALES AND APPROPRIATE BLENDS OF MONITORING, EXPERIMENTATION, AND MODELING. PEER REVIEW AND INTERAGENCY COOPERATIVE PLANNING HAVE FOSTERED RELEVANT, TIMELY, AND OBJECTIVE SCIENCE. THE APPLICATION OF SCIENCE TO DECISION MAKING IN ADAPTIVE RESOURCE MANAGEMENT PLAYS AN IMPORTANT ROLE BY CLARIFYING THOSE FACTS AND CONCEPTS WITH THE MOST SIGNIFICANT PREDICTIVE VALUE FOR MANAGEMENT AND HEURISTIC VALUE FOR FUNDAMENTAL SCIENCE. IMPROVEMENT OF THE SCIENCE-MANAGEMENT LINKAGE IN SOUTH FLORIDA AND ELSEWHERE AWAITS BETTER INTERACTION BETWEEN SCIENTISTS AND MANAGERS IN PLANNING RESEARCH AND MORE EFFECTIVE COMMUNICATION OF RESEARCH FINDINGS. RELEVANT SCIENTIFIC INFORMATION OF HIGH QUALITY, PARTICULARLY WHEN PUBLISHED IN THE PEER-REVIEWED LITERATURE, CANNOT BE DISTORTED EASILY AND IS VITAL TO SUPPORT INFORMED AND EQUITABLE SOCIAL CHOICES IN THE DECISION-MAKING PROCESS.",REDFIELD GW,2000,ECOLOGICAL APPLICATIONS,10.1890/1051-0761(2000)010[0990:ERFASA]2.0.CO;2,APPLIED RESEARCH; AQUATIC ECOLOGY; ECOSYSTEM MANAGEMENT; ENVIRONMENTAL DECISION MAKING; FLORIDA BAY; FLORIDA EVERGLADES; KISSIMMEE RIVER; LAKE OKEECHOBEE; SOUTH FLORIDA; WATER RESOURCE MANAGEMENT
MARINE PROTECTED AREAS FOR RESILIENCE AND ECONOMIC DEVELOPMENT,"IN THIS RESEARCH, WE ATTEMPT TO GIVE A COMPARATIVE ANALYSIS OF THE SPACE ALLOCATION OF MULTIPLE-USE MARINE PROTECTED AREAS (MPAS) INCLUDING BUT NOT LIMITED TO THE INTRODUCTION OF AQUACULTURE IN THE AREA. SPECIFICALLY, WE CONSIDER THE CASE WHERE THERE IS A NEED TO DEVELOP MPAS FOR THE CONSERVATION OF THE ENVIRONMENT AND ECOLOGICAL DIVERSITY. THERE IS ALSO A PREVAILING CALL FOR THE ESTABLISHMENT OF AQUACULTURE ACTIVITIES WITHIN THE AREA TO MEET SOCIETAL DEMANDS. ALTHOUGH AQUACULTURE HAS NEGATIVE EXTERNALITIES ON MPAS, IT HELPS TO REDUCE THE PRESSURE ON THE CAPTURE FISHERY AND INCREASES THE SUPPLY OF FISH. WE DEVELOP A DETERMINISTIC BIOECONOMIC MODEL THAT DESCRIBES THE TRANSITION DYNAMICS AND INTERRELATIONSHIPS OF THE SYSTEMS. WE FIND AN OPTIMAL AQUACULTURE SIZE RELATIVE TO THE OPTIMAL SIZE OF MPAS THAT MAXIMIZES THE OVERALL ECONOMIC AND ECOLOGICAL BENEFITS. USING NUMERICAL METHODS WE DETERMINE THE TRAJECTORY OF OPTIMAL SOLUTIONS, THE RECOVERY RATE OF THE STOCKS IN AND OUTSIDE THE MPAS, AND THE EXPANSION RATE OF THE AQUACULTURE. SENSITIVITY ANALYSIS WAS ALSO PERFORMED TO SEE THE EFFECT OF A CHANGE IN THE PARAMETERS ON THE OPTIMAL SOLUTIONS. THE NUMERICAL RESULTS SHOW THAT MPAS ARE RESILIENT AFTER THE IMPLEMENTATION OF AQUACULTURE. MOREOVER, THE EFFECTIVENESS OF THE OPTIMIZED MANAGEMENT SYSTEM MAINLY DEPENDS ON THE COOPERATIVE PLANNING BETWEEN THE CAPTURE FISHERY AND AQUACULTURE MANAGERS.",HAILU FF;BITEW WT;AYELE TG;ZAWKA SD,2023,AQUATIC LIVING RESOURCES,10.1051/alr/2023016,MARINE PROTECTED AREAS; AQUACULTURE PRODUCTION; SPACE ALLOCATION; GROWTH RATE
MODELLING THE INFLUENCE OF CLIMATE DRIVERS ON THE SPATIAL DISTRIBUTION OF SCADS ALONG THE WEST COAST OF INDIA,"IN THE CONTEXT OF CLIMATE CHANGE-DRIVEN OCEANIC SHIFTS, UNDERSTANDING THE SPATIAL DISTRIBUTION OF COMMERCIALLY IMPORTANT FISH SPECIES IS CRUCIAL FOR SUSTAINABLE FISHERIES MANAGEMENT. IN 2022, THE MAINLAND COAST OF INDIA REPORTED MARINE FISH LANDINGS OF 3.49 MILLION TONNES, REFLECTING A 14.53 % GROWTH COMPARED TO 2021. NOTABLY, SCADS CONTRIBUTED SIGNIFICANTLY, WITH LANDINGS OF 1.63 LAKH TONNES, EMPHASIZING THE NECESSITY OF STUDYING THEIR SPATIAL DISTRIBUTION ALONG THE INDIAN COASTLINE. THIS STUDY EMPLOYS SPECIES DISTRIBUTION MODELS (SDMS) TO PREDICT THE POTENTIAL HABITAT NICHES OF SCADS ALONG THE WEST COAST OF INDIAN EXCLUSIVE ECONOMIC ZONE (EEZ) BY DIVIDING IT INTO 446 GRIDS, EACH SPANNING 0.5 DEGREES X 0.5 DEGREES AND INTEGRATING KEY ENVIRONMENTAL VARIABLES SUCH AS SEA SURFACE TEMPERATURE, SALINITY, CHLOROPHYLL CONCENTRATION, DISSOLVED OXYGEN, PH, AND BATHYMETRY. PASSIVE GEOREFERENCING APPROACH WAS ADOPTED TO DERIVE THE PROBABLE FISHING GROUNDS OF THE RESOURCE, WHICH WERE FURTHER COMBINED WITH ENVIRONMENTAL FACTORS TO BUILD A COMPREHENSIVE SPATIAL DATABASE. THE SDMS UTILIZED THIS DATASET TO EXAMINE THE RELATIONSHIP BETWEEN SCADS' PRESENCE/ ABSENCE ON THESE GRIDS AND ENVIRONMENTAL VARIABLES. A SERIES OF SDMS WERE FITTED TO THE DATA AND COMPARED THE MODEL EFFICIENCY IN TERMS OF TSS AND AUC SCORES. FURTHER, AN ENSEMBLE MODELLING APPROACH WAS ADOPTED TO ENHANCE PREDICTION ACCURACY, SYNTHESIZING OUTPUTS FROM MULTIPLE MODELS. RESULTS DEMONSTRATED A STRONG INFLUENCE OF ENVIRONMENTAL FACTORS VIZ., CHLOROPHYLL (CHL) AND SEA SURFACE SALINITY (SSS) ON SCADS' SPATIAL DISTRIBUTION AND PROVIDED RELIABLE PREDICTIONS OF THEIR POTENTIAL HABITATS. THESE VALIDATED MODELS WERE THEN APPLIED TO PREDICT THE POTENTIAL DISTRIBUTION OF SCADS ALONG THE WEST COAST OF INDIA UNDER VARYING CLIMATIC SCENARIOS (SSP2, SSP3 & SSP5), IT IS OBSERVED THAT IN THE NEAR FUTURE, SCADS ARE PROJECTED TO EXPERIENCE SIGNIFICANT RANGE LOSS TO CHANGING ENVIRONMENTAL CONDITIONS.",BRIGHT RP;VARGHESE E;JOSEPH A;JAYASANKAR J;KUMAR RR;GILLS R;KISHORE N;GEORGE G;SREENATH KR,2025,REGIONAL STUDIES IN MARINE SCIENCE,10.1016/j.rsma.2025.104171,CLIMATE CHANGE; FISHERY MANAGEMENT; ENVIRONMENTAL FACTORS; SPECIES DISTRIBUTION MODELS (SDMS); HABITAT SUITABILITY
OPTIMALITY-BASED NON-REDFIELD PLANKTON-ECOSYSTEM MODEL (OPEM V1.1) IN UVIC-ESCM 2.9-PART 1: IMPLEMENTATION AND MODEL BEHAVIOUR,"UNCERTAINTIES IN PROJECTIONS OF MARINE BIOGEOCHEMISTRY FROM EARTH SYSTEM MODELS (ESMS) ARE ASSOCIATED TO A LARGE DEGREE WITH THE IMPERFECT REPRESENTATION OF THE MARINE PLANKTON ECOSYSTEM, IN PARTICULAR THE PHYSIOLOGY OF PRIMARY AND SECONDARY PRODUCERS. HERE, WE DESCRIBE THE IMPLEMENTATION OF AN OPTIMALITY-BASED PLANKTON-ECOSYSTEM MODEL (OPEM) VERSION 1.1 WITH VARIABLE CARBON : NITROGEN : PHOSPHORUS (C : N : P) STOICHIOMETRY IN THE UNIVERSITY OF VICTORIA ESM (UVIC; EBY ET AL., 2009; WEAVER ET AL., 2001) AND THE BEHAVIOUR OF TWO CALIBRATED REFERENCE CONFIGURATIONS, WHICH DIFFER IN THE ASSUMED TEMPERATURE DEPENDENCE OF DIAZOTROPHS. PREDICTED TRACER DISTRIBUTIONS OF OXYGEN AND DISSOLVED INORGANIC NUTRIENTS ARE SIMILAR TO THOSE OF AN EARLIER FIXED-STOICHIOMETRY FORMULATION IN UVIC (NICKELSEN ET AL., 2015). COMPARED TO THE CLASSIC FIXED-STOICHIOMETRY UVIC MODEL, OPEM IS CLOSER TO RECENT SATELLITE-BASED ESTIMATES OF NET COMMUNITY PRODUCTION (NCP), DESPITE OVERESTIMATING NET PRIMARY PRODUCTION (NPP), CAN BETTER REPRODUCE DEEP-OCEAN GRADIENTS IN THE NO3- : PO43- RATIO AND PARTIALLY EXPLAINS OBSERVED PATTERNS OF PARTICULATE C : N : P IN THE SURFACE OCEAN. ALLOWING DIAZOTROPHS TO GROW (BUT NOT NECESSARILY FIX N-2) AT SIMILAR TEMPERATURES AS OTHER PHYTOPLANKTON RESULTS IN A BETTER REPRESENTATION OF SURFACE CHL AND NPP IN THE ARCTIC AND ANTARCTIC OCEANS. DEFICIENCIES OF OUR CALIBRATED OPEM CONFIGURATIONS MAY SERVE AS A MAGNIFYING GLASS FOR SHORTCOMINGS IN GLOBAL BIOGEOCHEMICAL MODELS AND HENCE GUIDE FUTURE MODEL DEVELOPMENT. THE OVERESTIMATION OF NPP AT LOW LATITUDES INDICATES THE NEED FOR IMPROVED REPRESENTATIONS OF TEMPERATURE EFFECTS ON BIOTIC PROCESSES, AS WELL AS PHYTOPLANKTON COMMUNITY COMPOSITION, WHICH MAY BE REPRESENTED BY LOCALLY VARYING PARAMETERS BASED ON SUITABLE TRADE-OFFS. THE SIMILARITY IN THE OVERESTIMATION OF NPP AND SURFACE AUTOTROPHIC PARTICULATE ORGANIC CARBON (POC) COULD INDICATE DEFICIENCIES IN THE REPRESENTATION OF TOP-DOWN CONTROL OR NUTRIENT SUPPLY TO THE SURFACE OCEAN. DISCREPANCIES BETWEEN OBSERVED AND PREDICTED VERTICAL GRADIENTS IN PARTICULATE C V N V P RATIOS SUGGEST THE NEED TO INCLUDE PREFERENTIAL P REMINERALISATION, WHICH COULD ALSO BENEFIT THE REPRESENTATION OF N-2 FIXATION. WHILE OPEM YIELDS A MUCH IMPROVED DISTRIBUTION OF SURFACE N* (NO3- - 16 . PO43- + 2.9 MMOL M(-3)), IT STILL FAILS TO REPRODUCE OBSERVED N* IN THE ARCTIC, POSSIBLY RELATED TO A MISREPRESENTATION OF THE PHYTOPLANKTON COMMUNITY THERE AND THE LACK OF BENTHIC DENITRIFICATION IN THE MODEL. COEXISTING ORDINARY AND DIAZOTROPHIC PHYTOPLANKTON CAN EXERT STRONG CONTROL ON N* IN OUR SIMULATIONS, WHICH QUESTIONS THE INTERPRETATION OF N* AS REFLECTING THE BALANCE OF N-2 FIXATION AND DENITRIFICATION.",PAHLOW M;CHIEN CT;ARTEAGA LA;OSCHLIES A,2020,GEOSCIENTIFIC MODEL DEVELOPMENT,10.5194/gmd-13-4663-2020,NA
DIETARY ACCULTURATION AND EATING HABITS OF UKRAINIAN CHILDREN IN FINLAND: A SOCIO-ECOLOGICAL FRAMEWORK ANALYSIS,"THE RUSSIAN INVASION OF UKRAINE DISPLACED MILLIONS OF CHILDREN WHO FACE ACUTE STRESS AND REQUIRE RAPID ADAPTATION TO UNFAMILIAR ENVIRONMENTS, POTENTIALLY AFFECTING LIFELONG HEALTH OUTCOMES. THIS QUALITATIVE STUDY EXPLORED FACTORS INFLUENCING DIETARY ACCULTURATION AND EATING HABITS OF UKRAINIAN CHILDREN RESETTLED IN FINLAND. FIVE FOCUS GROUPS WERE CONDUCTED IN AUGUST 2024 WITH 16 MOTHERS AND 12 CHILDREN (AGED 8-13 YEARS) RECRUITED THROUGH THE UKRAINIAN ASSOCIATION IN FINLAND. INTERVIEWS WERE CONDUCTED IN UKRAINIAN, AND TRANSCRIPTS WERE ANALYSED IN ENGLISH USING ATLAS.TI SOFTWARE, APPLYING A SOCIO-ECOLOGICAL FRAMEWORK TO IDENTIFY DRIVERS AND BARRIERS ACROSS SOCIETAL, SCHOOL, FAMILY, AND CHILD LEVELS. MAJOR BARRIERS INCLUDED FINANCIAL CONSTRAINTS AND UNFAMILIAR MIXED INGREDIENTS IN SCHOOL MEALS AT SOCIETAL AND SCHOOL LEVELS; STRICT ADHERENCE TO UKRAINIAN FOOD PRACTICES, UNSTRUCTURED SNACKING, AND STRESS EATING AT FAMILY LEVEL; AND RESISTANT FOOD PREFERENCES AND PICKY EATING AT CHILD LEVEL. KEY DRIVERS WERE AFFORDABLE FRESH PRODUCE AND FISH AVAILABILITY, FREE SCHOOL LUNCHES, AND IMMIGRANT SUPPORT; MANDATORY MEAL ATTENDANCE, REPEATED EXPOSURE, AND EARLY FOOD EDUCATION; TRANSITION TO BICULTURAL EATING PATTERNS AND ADOPTING FINNISH PARENTAL PRACTICES; AND GRADUAL FOOD TASTING AND INCREASED VEGETABLE AND FISH CONSUMPTION. AGE-DEPENDENT PATTERNS EMERGED AS BOTH BARRIERS AND DRIVERS, WITH YOUNGER CHILDREN SHOWING LESS ENTRENCHED PREFERENCES AND STRONGER PEER CONFORMITY, FACILITATING DIETARY CHANGE, WHILE OLDER CHILDREN'S ESTABLISHED TASTES HINDERED ACCULTURATION. DIETARY ACCULTURATION IS SHAPED BY MULTI-LEVEL FACTORS, INCLUDING CHILDREN'S AGE, FAMILY PRACTICES, FOOD POLICY, AND FINLAND'S SUPPORTIVE CONTEXT. QUANTITATIVE STUDIES ARE NEEDED TO CONFIRM FINDINGS ACROSS SOCIO-ECOLOGICAL LEVELS.",FEDOROVA D;TILLI E;RAY C;ERKKOLA M,2026,APPETITE,10.1016/j.appet.2026.108464,WAR; REFUGEE; FAMILY; FOCUS GROUP; FOOD; STRESS; SCHOOL MEAL; SOCIO-ECOLOGICAL MODEL
THEORIES AND BEHAVIOURAL DRIVERS UNDERLYING FLEET DYNAMICS MODELS,"IN THE DOMAIN OF DECISION-SUPPORT TOOLS FOR THE MANAGEMENT OF MARINE FISH RESOURCES, CONSIDERABLE ATTENTION HAS BEEN PAID TO THE DEVELOPMENT OF MODELS EXPLAINING HOW FISH STOCKS CHANGE OVER SPACE AND TIME. IN MOST MODELS, FISHING EFFORT IS ASSUMED TO BE EXOGENOUS AND DETERMINED BY FACTORS SUCH AS MANAGEMENT. INCREASINGLY, THERE HAS BEEN A CALL FOR BIO-ECONOMIC MODELS TO ALSO ACCOUNT FOR THE DYNAMICS OF FISHING FLEETS, RECOGNIZING THAT FISHERS RESPOND TO CHANGING ENVIRONMENTAL, INSTITUTIONAL AND ECONOMIC CONDITIONS. A GROWING LITERATURE HAS SOUGHT TO EXPLICITLY MODEL THE ENDOGENOUS DETERMINANTS OF THE CAPACITY OF FISHING FLEETS, THE INTENSITY OF ITS USE AND ITS TEMPORAL AND SPATIAL ALLOCATION ACROSS FISHING OPPORTUNITIES. WE REVIEW THIS LITERATURE, FOCUSING ON EMPIRICAL APPLICATIONS OF THE BEHAVIOURAL MODELS THAT HAVE BEEN PUT FORWARD TO EXPLAIN AND PREDICT OBSERVED FLEET DYNAMICS. WE FIND THAT ALTHOUGH ECONOMIC FACTORS ARE USUALLY INCLUDED AS A DOMINANT DRIVER IN MOST STUDIES, THIS IS OFTEN BASED ON THE USE OF PROXY VARIABLES FOR THE KEY ECONOMIC DRIVERS, FOR WHICH ADEQUATE DATA ARE LACKING. ALSO, WHILE MANY STUDIES ACKNOWLEDGE THAT SOCIAL AND SOCIALPSYCHOLOGICAL FACTORS PLAY A SIGNIFICANT ROLE IN EXPLAINING OBSERVED FISHING BEHAVIOUR, THEIR INCLUSION IN FISHING FLEET DYNAMIC MODELS IS STILL VERY LIMITED. PROGRESS IN THIS DOMAIN CAN ONLY BE ACHIEVED VIA THE DEVELOPMENT OF MULTIDISCIPLINARY RESEARCH PROGRAMMES FOCUSING ON APPLIED QUANTITATIVE ANALYSIS OF THE DRIVERS OF FISHING FLEET DYNAMICS.",VAN PUTTEN IE;KULMALA S;THÉBAUD O;DOWLING N;HAMON KG;HUTTON T;PASCOE S,2012,FISH AND FISHERIES,10.1111/j.1467-2979.2011.00430.x,BIO-ECONOMIC MODELS; FISHER BEHAVIOUR; FISHERY MODELLING; FLEET DYNAMICS; REVIEW
BIO-ECONOMIC MODELLING AS A METHOD FOR DETERMINING ECONOMIC WEIGHTS FOR OPTIMAL MULTIPLE-TRAIT TREE SELECTION,"A BIO-ECONOMIC MODEL PROVIDES A FRAMEWORK FOR SIMULTANEOUSLY CONSIDERING BREEDING, MANAGEMENT, AND PRODUCTION DECISIONS. SUCH A MODEL SHOULD RESULT IN OPTIMAL BREEDING (AND SILVICULTURAL) OBJECTIVES IF MAIN GOALS OF A PRODUCTION SYSTEM ARE WELL DEFINED. HISTORICALLY ESTIMATION OF ECONOMIC WEIGHTS FOR BREEDING-OBJECTIVE TRAITS HAS BEEN BASED ON PARTIAL REGRESSIONS AND PROFIT FUNCTIONS RELATING ONLY TO CERTAIN PARTS OF THE PRODUCTION SYSTEM. A BIO-ECONOMIC MODEL INCLUDES EFFECTS OF GROWTH RATE, BRANCHING, FORM, AND WOOD QUALITY ON ALL PRODUCTION SYSTEM COMPONENTS AND ON OVERALL PROFITABILITY OF AN INTEGRATED PRODUCTION SYSTEM. HOWEVER, LONG ROTATION CYCLES IN FORESTRY MAKE DETERMINATION OF RELATIVE ECONOMIC VALUES FOR THE BREEDING-OBJECTIVE TRAITS PARTICULARLY DIFFICULT. WHEN MODELLING COMPLEX SYSTEMS UNDER UNCERTAINTY ABOUT FUTURE PRODUCTION GOALS, THERE ARE NECESSARY TRADE OFFS BETWEEN THE COMPLEXITY OF THE MODEL AND THE USE OF SIMPLIFYING ASSUMPTIONS.",IVKOVIC M;WU H;KUMAR S,2010,SILVAE GENETICA,10.1515/sg-2010-0010,TREE IMPROVEMENT; BREEDING OBJECTIVE; BIO-ECONOMIC MODELLING; PRODUCTION SYSTEM ANALYSIS
TRENDS IN MARINE SPECIES DISTRIBUTION MODELS: A REVIEW OF METHODOLOGICAL ADVANCES AND FUTURE CHALLENGES,"CORRELATIVE SPECIES DISTRIBUTION MODELS (SDMS) ARE QUANTITATIVE TOOLS IN BIOGEOGRAPHY AND MACROECOLOGY. BUILDING UPON THE ECOLOGICAL NICHE CONCEPT, THEY CORRELATE ENVIRONMENTAL COVARIATES TO SPECIES PRESENCE TO MODEL HABITAT SUITABILITY AND PREDICT SPECIES DISTRIBUTIONS. SINCE THEIR DEVELOPMENT, SDMS HAVE UNDERGONE SUBSTANTIAL ADVANCES IN THEIR PREDICTIVE ACCURACY, BENEFITING FROM INCREASED DATA AVAILABILITY, ADVANCED MACHINE LEARNING ALGORITHMS, NOVEL DATA INTEGRATION PROCEDURES, REFINED MODEL VALIDATION TECHNIQUES, AND INCORPORATION OF BIOTIC PREDICTORS. ALTHOUGH INITIALLY APPLIED IN TERRESTRIAL SYSTEMS, THESE MODELS ARE NOW ALSO WIDELY USED IN THE MARINE ENVIRONMENT, RECOGNIZED FOR THEIR VALUE IN CONSERVATION PLANNING, FISHERIES MANAGEMENT, AND UNDERSTANDING SPECIES RESPONSES TO CLIMATE VARIABILITY AND CHANGE. DESPITE THEIR INCREASED APPLICATION, SDMS FACE UNIQUE CHALLENGES WHEN APPLIED IN THE MARINE ENVIRONMENT. THESE CHALLENGES INCLUDE THE THREE-DIMENSIONAL COMPLEXITY OF MARINE ECOSYSTEMS, THE AVAILABILITY OF ENVIRONMENTAL COVARIATES ACROSS SUITABLE SPATIAL AND TEMPORAL SCALES, THE DYNAMIC PROPERTIES OF THESE COVARIATES, AND UNIQUE DISPERSAL PATTERNS AND MOBILITY TRAITS OF MARINE SPECIES. HERE, WE REVIEW RECENT METHODOLOGICAL ADVANCES AND EMERGING TRENDS IN MARINE SDMS. WE HIGHLIGHT THREE-DIMENSIONAL MODELLING APPROACHES THAT CAPTURE SPECIES DISTRIBUTIONS BELOW THE SEA SURFACE AND ASSESS THE IMPORTANCE OF TEMPORAL RESOLUTION, PARTICULARLY FOR MODELLING HIGHLY MOBILE MARINE SPECIES IN DYNAMIC MARINE ENVIRONMENTS. FURTHER, WE DISCUSS THE EXPANSION IN THE TYPES OF OCCURRENCE DATA BEING USED, INCLUDING FISHERY-DEPENDENT AND FISHERY-INDEPENDENT SOURCES, CITIZEN SCIENCE CONTRIBUTIONS, AND SATELLITE TRACKING DATA, ALONG WITH THE METHODS USED TO ADDRESS THEIR ASSOCIATED BIASES. WE ALSO EXPLORE AND DISCUSS NOVEL METHODOLOGIES FOR ENVIRONMENTAL DATA COLLECTION, SUCH AS REMOTE-SENSING TECHNOLOGIES AND NUMERIC OCEAN MODELS, CONSIDERING THE EXISTING LIMITATIONS IN SPATIAL AND TEMPORAL RESOLUTION. TOGETHER, OUR REVIEW SYNTHESIZES METHODOLOGICAL INNOVATIONS, HIGHLIGHTS ONGOING CHALLENGES, AND DISCUSSES EMERGING TRENDS WITHIN THE EXTENSIVE LITERATURE ON MARINE SDMS.",KLAASSEN M;MARQUES TA;ALVES F;FERNANDEZ M,2025,ECOGRAPHY,10.1002/ecog.07702,CORRELATIVE MODELLING; SDM; ENM; MARINE BIOGEOGRAPHY; SPATIAL AND TEMPORAL VARIABILITY
SPATIAL PATTERNS AND SPECIES DISTRIBUTION MODEL-BASED CONSERVATION PRIORITIES FOR SCROPHULARIA TAKESIMENSIS ON ULLEUNGDO,"CONSERVING NEAR-SHORE ISLAND ENDEMICS REQUIRES WORKFLOWS THAT ARE ROBUST TO SMALL, SPATIALLY CLUSTERED SAMPLES AND THAT TRANSLATE SPECIES DISTRIBUTION MODEL (SDM) INTO REGULATION-READY ACTIONS. WE FORMALIZE A TRANSFERABLE SDM-TO-ACTION BLUEPRINT-(I) CLUSTER-AWARE SPATIAL HOLDOUT (LEAVE-ONE-CLUSTER-OUT, LOCO), (II) CONSERVATIVE, HIGH-SPECIFICITY BINARIZATION PAIRED WITH SIMPLE ECOLOGICAL FILTERS, AND (III) EXPLICIT AREA-BAND UNCERTAINTY-AND APPLY IT TO THE ULLEUNGDO (REPUBLIC OF KOREA) ENDEMIC SCROPHULARIA TAKESIMENSIS. WE COMBINED 2008-2024 FIELD RECORDS WITH A 5 M RESOLUTION MAXENT MODEL (LINEAR-QUADRATIC FEATURES; REGULARIZATION RM = 1.40) USING 28 UNIQUE PRESENCES VERSUS 744 BACKGROUND POINTS SAMPLED WITHIN AN ACCESSIBLE COASTAL BELT (300 M FROM SHORE). UNDER LOCO, THE MODEL GENERALIZED WELL (AUC = 0.984 +/- 0.014; PARTIAL AUC AT SPECIFICITY OF AT LEAST 0.90 = 0.935; RELRMSE = 0.107) AND MAPPED A NARROW NEAR-SHORE SUITABILITY BELT WITH A CONTINUOUS NORTHERN-NORTHEASTERN CORE AND FRAGMENTED SOUTHERN-EASTERN SATELLITES. TO OBTAIN A REGULATION-READY MAP, WE CONVERTED CONTINUOUS SUITABILITY TO BINARY USING A CUTOFF THAT ACHIEVED SPECIFICITY OF AT LEAST 0.98 UNDER SPATIAL HOLDOUT (THRESHOLD: 0.472; BASELINE: 300 M) AND APPLIED TWO ECOLOGICAL FILTERS (RETAIN AREAS WITHIN 90 M OF SHORELINE; REMOVE PATCHES < 75 M(2)), YIELDING A CORE OF 1.148 KM(2) THAT CAPTURED 71.4% OF RECENT RECORDS WITH ZERO LEAKAGE BEYOND THE BELT AFTER POST-PROCESSING. ACCESSIBLE-MASK SENSITIVITY (MASKS OF 300, 450, AND 600 M) BOUNDED THE POST-PROCESSED CORE TO 0.930-1.593 KM(2) (COVERAGE: 0.607-0.789), WHICH WE CARRY FORWARD AS A PLANNING AREA BAND. WE TRANSLATE THESE RESULTS INTO A TIERED PLAN: PROTECT THE NEAR-SHORE CORE, RECONNECT THE FRAGMENTED SOUTHERN AND EASTERN STRETCHES, AND SURVEY THE HIGHEST-RANKED COASTAL SEGMENTS. BEYOND THIS CASE, THE BLUEPRINT GENERALIZES TO OTHER SMALL-N NEAR-SHORE ENDEMICS, OFFERING A TRANSPARENT PATH FROM THE SDM TO POLICY WHILE CLARIFYING THAT, GIVEN STATIC PREDICTORS, INFERENCES CONCERN PRESENT-DAY SUITABILITY RATHER THAN CLIMATE CHANGE FORECASTING.",LEE GY;KIM NY;EOM TK;KIM D;LEE SE;RYU TB,2025,PLANTS-BASEL,10.3390/plants14223498,ENDEMIC SPECIES; SDM; MAXENT; MICROTOPOGRAPHY; CONSERVATION PRIORITIZATION; BIAS CORRECTION; TIME-SERIES VALIDATION; SPECIES DISTRIBUTION MODELING
CLIMATE CHANGE-CONTAMINANT INTERACTIONS IN MARINE FOOD WEBS: TOWARD A CONCEPTUAL FRAMEWORK,"CLIMATE CHANGE IS RESHAPING THE WAY IN WHICH CONTAMINANTS MOVE THROUGH THE GLOBAL ENVIRONMENT, IN LARGE PART BY CHANGING THE CHEMISTRY OF THE OCEANS AND AFFECTING THE PHYSIOLOGY, HEALTH, AND FEEDING ECOLOGY OF MARINE BIOTA. CLIMATE CHANGE-ASSOCIATED IMPACTS ON STRUCTURE AND FUNCTION OF MARINE FOOD WEBS, WITH CONSEQUENT CHANGES IN CONTAMINANT TRANSPORT, FATE, AND EFFECTS, ARE LIKELY TO HAVE SIGNIFICANT REPERCUSSIONS TO THOSE HUMAN POPULATIONS THAT RELY ON FISHERIES RESOURCES FOR FOOD, RECREATION, OR CULTURE. PUBLISHED STUDIES ON CLIMATE CHANGE-CONTAMINANT INTERACTIONS WITH A FOCUS ON FOOD WEB BIOACCUMULATION WERE SYSTEMATICALLY REVIEWED TO EXPLORE HOW CLIMATE CHANGE AND OCEAN ACIDIFICATION MAY IMPACT CONTAMINANT LEVELS IN MARINE FOOD WEBS. WE PROPOSE HERE A CONCEPTUAL FRAMEWORK TO ILLUSTRATE THE IMPACTS OF CLIMATE CHANGE ON CONTAMINANT ACCUMULATION IN MARINE FOOD WEBS, AS WELL AS THE DOWNSTREAM CONSEQUENCES FOR ECOSYSTEM GOODS AND SERVICES. THE POTENTIAL IMPACTS ON SOCIAL AND ECONOMIC SECURITY FOR COASTAL COMMUNITIES THAT DEPEND ON FISHERIES FOR FOOD ARE DISCUSSED. CLIMATE CHANGE-CONTAMINANT INTERACTIONS MAY ALTER THE BIOACCUMULATION OF TWO PRIORITY CONTAMINANT CLASSES: THE FAT-SOLUBLE PERSISTENT ORGANIC POLLUTANTS (POPS), SUCH AS POLYCHLORINATED BIPHENYLS (PCBS), AS WELL AS THE PROTEIN-BINDING METHYLMERCURY (MEHG). THESE INTERACTIONS INCLUDE PHENOMENA DEEMED TO BE EITHER CLIMATE CHANGE DOMINANT (I.E., CLIMATE CHANGE LEADS TO AN INCREASE IN CONTAMINANT EXPOSURE) OR CONTAMINANT DOMINANT (I.E., CONTAMINATION LEADS TO AN INCREASE IN CLIMATE CHANGE SUSCEPTIBILITY). WE ILLUSTRATE THE PATHWAYS OF CLIMATE CHANGE-CONTAMINANT INTERACTIONS USING CASE STUDIES IN THE NORTHEASTERN PACIFIC OCEAN. THE IMPORTANT ROLE OF ECOLOGICAL AND FOOD WEB MODELING TO INFORM DECISION-MAKING IN MANAGING ECOLOGICAL AND HUMAN HEALTH RISKS OF CHEMICAL POLLUTANTS CONTAMINATION UNDER CLIMATE CHANGE IS ALSO HIGHLIGHTED. FINALLY, WE IDENTIFY THE NEED TO DEVELOP INTEGRATED POLICIES THAT MANAGE THE ECOLOGICAL AND SOCIOECONOMIC RISK OF GREENHOUSE GASES AND MARINE POLLUTANTS.",ALAVA JJ;CHEUNG WWL;ROSS PS;SUMAILA UR,2017,GLOBAL CHANGE BIOLOGY,10.1111/gcb.13667,ACIDIFICATION; CLIMATE CHANGE; CONTAMINANTS; FOOD WEB BIOACCUMULATION; OCEAN WARMING; ORGANIC MERCURY (MEHG); PERSISTENT ORGANIC POLLUTANTS (POPS); POLYCHLORINATED BIPHENYLS (PCBS)
"SMART: A SPATIALLY EXPLICIT BIO-ECONOMIC MODEL FOR ASSESSING AND MANAGING DEMERSAL FISHERIES, WITH AN APPLICATION TO ITALIAN TRAWLERS IN THE STRAIT OF SICILY","MANAGEMENT OF CATCHES, EFFORT AND EXPLOITATION PATTERN ARE CONSIDERED THE MOST EFFECTIVE MEASURES TO CONTROL FISHING MORTALITY AND ULTIMATELY ENSURE PRODUCTIVITY AND SUSTAINABILITY OF FISHERIES. DESPITE THE GROWING CONCERNS ABOUT THE SPATIAL DIMENSION OF FISHERIES, THE DISTRIBUTION OF RESOURCES AND FISHING EFFORT IN SPACE IS SELDOM CONSIDERED IN ASSESSMENT AND MANAGEMENT PROCESSES. HERE WE PROPOSE SMART (SPATIAL MANAGEMENT OF DEMERSAL RESOURCES FOR TRAWL FISHERIES), A TOOL FOR ASSESSING BIO-ECONOMIC FEEDBACK IN DIFFERENT MANAGEMENT SCENARIOS. SMART COMBINES INFORMATION FROM DIFFERENT TASKS GATHERED WITHIN THE EUROPEAN DATA COLLECTION FRAMEWORK ON FISHERIES AND IS COMPOSED OF: 1) SPATIAL MODELS OF FISHING EFFORT, ENVIRONMENTAL CHARACTERISTICS AND DISTRIBUTION OF DEMERSAL RESOURCES; 2) AN ARTIFICIAL NEURAL NETWORK WHICH CAPTURES THE RELATIONSHIPS AMONG THESE ASPECTS IN A SPATIALLY EXPLICIT WAY AND USES THEM TO PREDICT RESOURCES ABUNDANCES; 3) A DETERMINISTIC MODULE WHICH ANALYZES THE SIZE STRUCTURE OF CATCHES AND THE ASSOCIATED REVENUES, ACCORDING TO DIFFERENT SPATIALLY-BASED MANAGEMENT SCENARIOS. SMART IS APPLIED TO DEMERSAL FISHERY IN THE STRAIT OF SICILY, ONE OF THE MOST PRODUCTIVE FISHERIES OF THE MEDITERRANEAN SEA. THREE OF THE MAIN TARGET SPECIES ARE USED AS PROXIES FOR THE WHOLE RANGE EXPLOITED BY TRAWLERS. AFTER TRAINING, SMART IS USED TO EVALUATE DIFFERENT MANAGEMENT SCENARIOS, INCLUDING SPATIAL CLOSURES, USING A SIMULATION APPROACH THAT MIMICS THE RECENT EXPLOITATION PATTERNS. RESULTS EVIDENCE GOOD MODEL PERFORMANCE, WITH A NOTEWORTHY COHERENCE AND RELIABILITY OF OUTPUTS FOR THE DIFFERENT COMPONENTS. AMONG OTHERS, THE MAIN FINDING IS THAT A PARTIAL IMPROVEMENT IN RESOURCE CONDITIONS CAN BE ACHIEVED BY MEANS OF NURSERY CLOSURES, EVEN IF THE OVERALL FISHING EFFORT IN THE AREA REMAINS STABLE. ACCORDINGLY, A SERIES OF STRATEGICALLY DESIGNED AREAS OF TRAWLING CLOSURES COULD SIGNIFICANTLY IMPROVE THE RESOURCE CONDITIONS OF DEMERSAL FISHERIES IN THE STRAIT OF SICILY, ALSO SUPPORTING SUSTAINABLE ECONOMIC RETURNS FOR FISHERMEN IF NOT APPLIED SIMULTANEOUSLY FOR DIFFERENT SPECIES.",RUSSO T;PARISI A;GAROFALO G;GRISTINA M;CATAUDELLA S;FIORENTINO F,2014,PLOS ONE,10.1371/journal.pone.0086222,NA
STRUCTURAL AND FUNCTIONAL CHANGES IN ARTIFICIAL REEFS ECOSYSTEM STRESSED BY TROPHIC MODELLING APPROACH: CASE STUDY IN THE BAY OF BISCAY,"ARTIFICIAL REEFS (ARS) ARE COMMONLY CITED AS A TOOL USED FOR INCREASING FISHERY PRODUCTION AND REINSTATING ECOSYSTEM FUNCTIONALITIES. THE ASSESSMENT OF ARS DEPLOYMENT IS MOSTLY BASED ON ANALYSIS OF THE EVOLUTION OF FISH COMMUNITIES. RECENTLY, STUDIES HAVE FOCUSED ON TROPHIC MODELLING TO UNDERSTAND THE FUNCTIONING OF SUCH ECOSYSTEMS IN A MORE HOLISTIC APPROACH. TROPHIC MODELS ARE ABLE TO ADDRESS THIS CONCERN BY DESCRIBING THE INTERACTION BETWEEN SPECIES AT DIFFERENT TROPHIC LEVELS AND BASED ON THE QUANTIFICATION OF ENERGY AND MATTER FLOWS THROUGH ECOSYSTEMS. THESE MODELS ALLOW THE APPLICATION OF NUMERICAL METHODS - ALSO CALLED ECOLOGICAL NETWORK ANALYSIS (ENA) - TO CHARACTERIZE EMERGENT PROPERTIES OF THE ECOSYSTEM. USUALLY, ENA INDICES ARE PROPOSED AS INDICATORS OF ECOSYSTEM HEALTH AS THEY ARE SENSITIVE TO DIFFERENT IMPACTS ON MARINE ECOSYSTEMS. IN THE PRESENT STUDY, THE ECOPATH SOFTWARE IS USED TO BUILD AN ECOSYSTEM MODEL COMPOSED OF 23 COMPARTMENTS, FROM DETRITUS AND PHYTOPLANKTON TO MAMMALS, TO DESCRIBE THE SITUATION ""BEFORE""AND ""AFTER""THE DEPLOYMENT OF ARS IN THE SOUTH OF THE BAY OF BISCAY ALONG THE LANDES COAST. IN ADDITION, ENA INDICES ARE CALCULATED FOR TWO PERIODS, ""BEFORE""AND ""AFTER""THE DEPLOYMENT OF ARTIFICIAL REEFS, TO COMPARE NETWORK FUNCTIONING AND THE OVERALL PROPERTIES OF THE STRUCTURAL TROPHIC NETWORK. OUR RESULTS SHOW LITTLE STRUCTURAL CHANGE IN THE ECOSYSTEM, WITH A REARRANGEMENT OF THE TROPHIC LEVELS AND A SIMULTANEOUS INCREASE IN BIOMASS AND SYSTEM MATURITY. THESE PRELIMINARY RESULTS EVIDENTLY NEED TO BE CONFRONTED WITH OTHER ENVIRONMENTAL FACTORS SUCH AS, FOR INSTANCE, SUBSTRATE COMPOSITION, PROXIMITY TO NATURAL REEFS AND LARVAL SUPPLY. NONETHELESS, WE CONSIDER THAT THE MATURITY INDEX COULD BE USED AS A NEW INDICATOR TO ASSESS THE EVOLUTION OF ARS WITH SPECIFIC MANAGEMENT OBJECTIVES.& COPY; 2023 ELSEVIER B.V. ALL RIGHTS RESERVED.",SALAÜN J;RAOUX A;PEZY JP;DAUVIN JC;PIOCH S,2023,REGIONAL STUDIES IN MARINE SCIENCE,10.1016/j.rsma.2023.103100,TROPHIC NETWORK; BEFORE/AFTER APPROACH; MATURITY INDICATOR; EOPATH WITH ECOSIM SOFTWARE
NEST-SITE PREFERENCES OF ELEONORA'S FALCON (FALCO ELEONORAE) ON UNINHABITED ISLETS OF THE AEGEAN SEA USING GIS AND SPECIES DISTRIBUTION MODELS,"ELEONORA'S FALCON BREEDS COLONIALLY ON SMALL ISLANDS OF THE MEDITERRANEAN SEA AND MACARONESIA. DESPITE THE WEALTH OF PAPERS HIGHLIGHTING THE IMPORTANCE OF NESTING CHARACTERISTICS ON THIS SPECIES' BREEDING PERFORMANCE, FEW HAVE ADDRESSED THE ISSUE OF NEST-SITE SELECTION EXPLICITLY. IN THIS PAPER, WE DEVELOP PRESENCE-ABSENCE AND PRESENCE-PSEUDOABSENCE MODELS TO PREDICT NEST OCCURRENCE AS A FUNCTION OF THE TOPOGRAPHY OF THE NESTING TERRITORY. NEST OCCURRENCE DATA WERE AVAILABLE FOR NINE UNINHABITED ISLETS OF THE AEGEAN SEA, WITHIN WHICH THE MAJORITY OF THE GLOBAL POPULATION OF ELEANORA'S FALCON IS ENCOUNTERED. OUR FINDINGS SUGGEST THAT THE PRESENCE OF CONSPECIFICS TOGETHER WITH CERTAIN TOPOGRAPHIC FEATURES ACCORDING TO THE SURFACE AREA OF THE ISLET BEING STUDIED CAN BE USED TO PREDICT NEST OCCURRENCE ON UNINHABITED ISLETS OF THE AEGEAN SEA. WE CONCLUDE THAT PREDICTIVE MODELS CHARACTERIZED BY FLEXIBILITY AND/OR THE USE OF ABSENCE DATA THAT ALSO CONSIDER NEST CLUSTERING CAN RESULT IN ROBUST PREDICTIONS OF THE NEST OCCURRENCE OF ELEONORA'S FALCONS IN GREEK BREEDING COLONIES AND EVENTUALLY FACILITATE FUTURE MONITORING SCHEMES. SINCE THIS IS THE FIRST TIME NEST-SITE PREFERENCES OF ELEONORA'S FALCON HAVE BEEN ANALYZED USING SPECIES DISTRIBUTION MODELS, WE ENCOURAGE THE APPLICATION OF SIMILAR METHODOLOGIES TO OTHER AREAS WITHIN THE SPECIES' BREEDING RANGE TO FURTHER VALIDATE OUR FINDINGS.",KASSARA C;DIMALEXIS A;FRIC J;KARRIS G;BARBOUTIS C;SFENTHOURAKIS S,2012,JOURNAL OF ORNITHOLOGY,10.1007/s10336-011-0784-0,GEOGRAPHIC INFORMATION SYSTEM (GIS); NEST HABITAT; SPATIAL MODELS; AUTOCORRELATION; LOGISTIC REGRESSION; MAXIMUM ENTROPY
ENVIRONMENTAL VARIABILITY AND FISHERIES: WHAT CAN MODELS DO?,"THIS REVIEW IS BASED ON 58 CLIMATE-FISHERIES MODELS PUBLISHED OVER THE LAST 28 YEARS THAT DESCRIBE THE IMPACTS OF FISHERY PRESSURE AND ENVIRONMENTAL VARIABILITY ON POPULATIONS AND ECOSYSTEMS AND INCLUDE BASIC PRINCIPLES OF POPULATION DYNAMICS. IT POINTS OUT THAT THE INCORPORATION OF ENVIRONMENTAL FACTORS IN FISHERY MODELS HAS ALREADY BEEN DONE AND IS OF GREAT IMPORTANCE FOR FUTURE MODELS USED IN THE ASSESSMENT OF MARINE RESOURCES. THE WORK IS GUIDED BY THE QUESTIONS TO WHAT EXTENT HAVE THESE MODELS A) ENHANCED OUR UNDERSTANDING OF THE INTERRELATIONSHIPS BETWEEN THE ENVIRONMENT, THE FISHERY AND THE STATE OF THE EXPLOITED RESOURCES AND B) HELPED TO IMPROVE THE PREDICTION OF POPULATION DYNAMICS AND THE ASSESSMENT OF MARINE RESOURCES. FOR EACH OF THE SIX MOST COMMONLY USED MODEL CATEGORIES A CASE STUDY IS CRITICALLY ANALYZED. THE PROBLEMS OF ""BREAKING RELATIONSHIPS"" BETWEEN ENVIRONMENTAL FACTORS AND THE BIOLOGICAL RESPONSE USED IN MODELS, THE TRADE-OFF BETWEEN MODEL COMPLEXITY (REALISM) AND SIMPLICITY (DATA AVAILABILITY) AND THE POTENTIAL OF MULTIVARIATE CLIMATE INDICES FOR FORECASTING ECOSYSTEM STATES AND FOR USE AS PROXIES FOR COMBINED MODELS ARE DISCUSSED, AS ARE NOVEL NON-LINEAR AND SPATIALLY EXPLICIT MODELING APPROACHES. APPROACHES DIFFER IN TERMS OF MODEL COMPLEXITY, USE OF LINEAR OR NON-LINEAR EQUATIONS, NUMBER OF PARAMETERS, FORECAST TIME HORIZON AND TYPE OF RESOURCE MODELLED. A MAJORITY OF THE MODELS WERE CONSTRUCTED FOR FISH AND INVERTEBRATE STOCKS OF THE NORTHEAST PACIFIC AND THE EPICONTINENTAL SEAS OF THE ATLANTIC, REFLECTING THE ADVANCEMENT OF FISHERIES SCIENCE IN THESE REGIONS. NEW, IN PARTS HIGHLY COMPLEX MODELS AND SOPHISTICATED APPROACHES WERE IDENTIFIED. THE REVIEWED STUDIES DEMONSTRATE THAT THE PERFORMANCE OF FISHED STOCKS CAN BETTER BE DESCRIBED IF ENVIRONMENTAL OR CLIMATIC VARIABILITY IS INCORPORATED INTO THE FISHERIES MODELS. WE CONCLUDE THAT DUE TO THE ALREADY AVAILABLE KNOWLEDGE, THE GREATLY ENHANCED COMPUTER POWER, NEW METHODS AND RECENT FINDINGS OF LARGE-SCALE CLIMATIC/OCEANOGRAPHIC CYCLES, FISHERIES MODELING SHOULD PROGRESS GREATLY IN THE COMING YEARS.",KEYL F;WOLFF M,2008,REVIEWS IN FISH BIOLOGY AND FISHERIES,10.1007/s11160-007-9075-5,FISHERY MODELS; ENVIRONMENTAL VARIABILITY; CLIMATE OSCILLATIONS; POPULATION DYNAMICS; STOCK ASSESSMENT 1
