title,abstract,doi,label
Planning Ahead: Dynamic Models Forecast Blue Whale Distribution With Applications For Spatial Management,"Resources in the ocean are ephemeral, and effective management must therefore account for the dynamic spatial and temporal patterns of ecosystems and species of concern. we focus on the south taranaki bight (stb) of new zealand, where upwelling generates productivity and prey to support an important foraging ground for blue whales that overlaps with anthropogenic pressure from industrial activities. we incorporate regional ecological knowledge of upwelling dynamics, physical-biological coupling and associated lags in models to forecast sea surface temperature (sst) and net primary productivity (npp) with up to 3 weeks lead time. forecasted environmental layers are then implemented in species distribution models to predict suitable blue whale habitat in the stb. models were calibrated using data from the austral summers of 2009-2019, and ecological forecast skill was evaluated by predicting to withheld data. boosted regression tree models skilfully forecasted sst (cv deviance explained = 0.969-0.970) and npp (cv deviance explained = 0.738-0.824). the subsequent blue whale distribution forecast models had high predictive performance (auc = 0.889), effectively forecasting suitable habitat on a daily scale with 1-3 weeks lead time. the spatial location and extent of forecasted blue whale habitat were variable, with the proportion of petroleum and mineral permit areas that overlapped with daily suitable habitat ranging from 0% to 70%. hence, the stb and these forecast models are well-suited for dynamic management that could reduce anthropogenic threats to whales while decreasing regulatory burdens to industry users relative to a traditional static protected area. synthesis and applications. we develop and test ecological forecast models that predict sea surface temperature, net primary productivity and blue whale suitable habitat up to 3 weeks in the future within new zealand's south taranaki bight region. these forecasts of whale distribution can be effectively applied for dynamic spatial management due to model foundation on quantified links and lags between physical forcing and biological responses. a framework to operationalize these forecasts through a user-driven application is in development to proactively inform conservation management decisions. this framework is implemented through stakeholder engagement, allows flexibility based on management objectives, and is amenable to improvement as new knowledge and feedback are received.",10.1111/1365-2664.13992,1.0
Transboundary Marine Protected Areas,"Countries exploiting transboundary natural resources face strong incentives to overexploit. this basic economic insight has been validated empirically where numerous resources such as water, forests, game, and fisheries are found to be in worse condition than those completely contained in single nations. attempts to solve this challenge through cross-country cooperation have been largely unsuccessful because competitive extraction is often more attractive than adhering to cooperative agreements. focusing on the fishery, we explore the game-theoretic economics of an alternative to cooperative arrangements, called a transboundary marine protected area (tmpa), which straddles both countries' waters. we derive the conditions under which it can improve profits and stock biomass, even in the presence of individually-rational non-cooperation across countries. strikingly, we find that well-designed tmpas have the potential to completely overcome non-cooperation across countries; this result is strongest for low growth rate species. a tmpa can earn higher harvest benefits for both countries, increase stocks in both countries, and in many cases, can even reproduce the fully cooperative outcome. (c) 2021 elsevier b.v. all rights reserved.",10.1016/j.reseneeco.2021.101239,1.0
Holistic Assessment Of Chwaka Bay'S Multi-Gear Fishery - Using A Trophic Modeling Approach,"East african coastal communities highly depend on marine resources for not just income but also protein supply. the multi-species, multi-gear nature of east african fisheries makes this type of fishery particularly difficult to manage, as there is a trade-off between maximizing total catch from all gears and species and minimizing overfishing of target species and the disintegration of the ecosystem. the use and spatio-temporal overlap of multiple gears in chwaka bay (zanzibar) has led to severe conflicts between fishermen. there is a general concern of overfishing in the bay because of the widespread use of small mesh sizes and destructive gears such as dragnets and spear guns. we constructed an ecopath food web model to describe the current trophic flow structure and fishing pattern of the bay. based on this model, we explored the impact of different gears on the ecosystem and the fishing community in order to give advice for gear based management in the bay. results indicate that chwaka bay is a productive, shallow water system, with biomass concentrations around the first and second trophic level. the system is greatly bottom-up driven and dominated by primary producers and invertebrates. the trophic and network indicators as well as the community energetics characterize chwaka bay as relatively mature. traps and dragnets have the strongest impact on the ecosystem and on the catches obtained by other gears. both gears potentially destabilize the ecosystem by reducing the biomass of top-down controlling key species (including important herbivores of macroalgae). the dragnet fishery is the least profitable, but provides most jobs for the fishing community. thus, a complete ban of dragnets in the bay would require the provision of alternative livelihoods. due to the low resource biomass of fish in the bay and the indication of a loss of structural control of certain fish groups, chwaka bay does not seem to provide scope for further expansion of the fishery. instead, we recommend an effort control of traps and a reduction in the use of dragnets, partially by redistributing them to the more profitable and less impacting gears (e.g. longlines, gillnets, handlines).",10.1016/j.jmarsys.2018.01.002,1.0
Assessing The Population-Level Conservation Effects Of Marine Protected Areas,"Marine protected areas (mpas) cover 3-7% of the world's ocean, and international organizations call for 30% coverage by 2030. although numerous studies show that mpas produce conservation benefits inside their borders, many mpas are also justified on the grounds that they confer conservation benefits to the connected populations that span beyond their borders. a network of mpas covering roughly 20% of the channel islands national marine sanctuary was established in 2003, with a goal of providing regional conservation and fishery benefits. we used a spatially explicit bioeconomic simulation model and a bayesian difference-in-difference regression to examine the conditions under which mpas can provide population-level conservation benefits inside and outside their borders and to assess evidence of those benefits in the channel islands. as of 2017, we estimated that biomass densities of targeted fin-fish had a median value 81% higher (90% credible interval: 23-148) inside the channel island mpas than outside. however, we found no clear effect of these mpas on mean total biomass densities at the population level: estimated median effect was -7% (90% credible interval: -31 to 23) from 2015 to 2017. our simulation model showed that effect sizes of mpas of <30% were likely to be difficult to detect (even when they were present); smaller effect sizes (which are likely to be common) were even harder to detect. clearly, communicating expectations and uncertainties around mpas is critical to ensuring that mpas are effective. we provide a novel assessment of the population-level effects of a large mpa network across many different species of targeted fin-fish, and our results offer guidance for communities charged with monitoring and adapting mpas.",10.1111/cobi.13782,1.0
Adapting The Steepness Parameter From Stock-Recruit Curves For Use In Spatially Explicit Models,"To inform the design of mpa networks and ensure that they will meet stated goals, spatially explicit metapopulation models are often used to simulate the response of fished species to mpa implementation. typically, such models are simply spatial extensions of traditional, nonspatial population models used in fisheries management. a common assumption used in making this transition is that r'(0), the slope at the origin of the nonspatial, population-wide egg-recruit relationship (often termed the steepness or compensation ratio), can be used to estimate alpha, the slope at the origin of the small-scale settler-recruit relationship used in spatially explicit models. this assumption is not always correct. in particular, the value of r'(0) often implicitly accounts for a variety of processes spanning the egg-recruit transition, including larval mortality and advection away from suitable habitat. if a spatial model accounts for some of those loss processes explicitly, such as by using an oceanographically realistic dispersal matrix, it becomes necessary to adjust the estimate of alpha upwards to avoid double-counting those losses. here i present a simple correction involving the dominant eigenvalue of the dispersal matrix that adjusts the value of r'(0) to avoid this error. applying this correction factor ensures that a spatially explicit model will predict population collapse at the same level of fishing implied by a large-scale estimate of r'(0). (c) 2009 elsevier b.v. all rights reserved.",10.1016/j.fishres.2009.12.008,0.0
Modelling The Great Australian Bight Ecosystem,"The great australian bight research program has generated extensive new knowledge about the great australian bight (gab) system. integrating disparate datasets (including old and new knowledge) is a challenge for any location, but is increasingly important given the expansion of the marine industries constituting the blue economy. this is particularly so when industries operate in frontier, or remote regions with high conservation significance. ecosystem models are an integration tool that can give insight into the structure and function of marine systems and act as a testbed for exploring scenarios of development for the region. two of the most widely used ecosystem models (atlantis and ecopath with ecosim) were implemented for the gab, to allow an exploration of development scenarios and to provide tools in support of future management of the gab's socioecological systems. the models were used to evaluate the vulnerability of key species, food webs, habitats and animal groupings to ecosystem stressors such as climate change, fisheries, disease, changing spatial management, aquaculture and oil spills. the models' responses to cessation of fishing indicate that the anthropogenic signature is not 'untouched', but is not yet substantially degraded. the complexity and confined area of much of the natural and anthropogenic activity in the region, which is highly concentrated in the gulfs and along the shoreline, means the system is sufficiently interlinked for cumulative nonlinear outcomes to occur if the system is sufficiently stressed. scenarios of increased fishing pressure had the greatest impacts on individual functional groups, while scenarios of ocean warming had the greatest influence on ecosystem structure and integrity. oil spill scenarios (e.g. caused by potential off-shore shipping accidents) had potential impacts on seabirds, pelagic fishes and marine mammals, with flow-on effects to the whole ecosystem, but only in a confined area immediately around the incident's footprint. these results give scientists and managers insights into how expanding the blue economy could impact ecosystem services and the societies currently dependent on them. this work also provides a set of tools for the gab that can act as a launch point for systems analysis and can facilitate future assessments or planning for the region.",10.1016/j.dsr2.2018.11.002,1.0
Retrospective Analysis Of Measures To Reduce Large Whale Entanglements In A Lucrative Commercial Fishery,"Recovering marine animal populations and climate-driven shifts in their distributions are colliding with growing ocean use by humans. one such example is the bycatch of whales in commercial fishing, which poses a significant threat to the conservation and continued recovery of these protected animals and is a major barrier to sustainable fisheries. long-lasting solutions to this problem need to be robust to variability in ecological dynamics while also addressing socio-cultural and economic concerns. we assessed the efficacy of gear reductions as an entanglement mitigation strategy during 2019 and 2020 in the highly valuable dungeness crab fishery (washington state, usa) in terms of changes in the entanglement risk to protected blue and humpback whales, and in terms of economic consequences for the fishery. using a combination of fishery logbooks, landings data, and whale habitat models, we found that in the two seasons with mandatory crab pot reductions, entanglement risk was reduced by up to 20 % for blue whales, and 78 % for humpback whales, compared to seasons with no regulations. spatio-temporal variability in the distribution of each whale species was a key factor in determining risk. importantly, the conservation measure did not have a substantial negative effect on fleet-level fishery performance metrics, despite a reduction in fishing effort. results indicated that a simple, fixed management strategy achieved the desired conservation goals in an economically sustainable way. our findings underscore the value of carefully considering the dynamic nature of species' spatial distributions and key social and economic impacts that together determine conservation efficacy.",10.1016/j.biocon.2022.109880,1.0
Guidelines For Incorporating Fish Distribution Shifts Into A Fisheries Management Context,"The impacts of climate change have been demonstrated to influence fisheries resources. one way climate has affected fish stocks is via persistent shifts in spatio-temporal distribution. although examples of climate-forced distribution shifts abound, it is unclear how these shifts are practically accounted for in the management of fish stocks. in particular, how can we take into account shifting stock distribution in the context of stock assessments and their management outputs? here, we discuss examples of the types of fish stock distribution shifts that can occur. we then propose a decision tree framework of how shifting stock distributions can be addressed. generally, the approaches for addressing such shifts fall into one of three main alternatives: re-evaluate stock identification, re-evaluate a stock unit area, or implement spatially explicit modelling. we conclude by asserting that the approach recommended here is feasible with existing information and as such fisheries managers should be able to begin addressing the role of changes in stock distribution in these fish stocks. the implications of not doing so could be notably undesirable.",10.1111/j.1467-2979.2010.00398.x,1.0
Management Of An Annual Fishery In The Presence Of Ecological Stress: The Case Of Shrimp And Hypoxia,"The emergence of ecosystem-based management suggests that traditional fisheries management and protection of environmental quality are increasingly interrelated. fishery managers, however, have limited control over most sources of marine and estuarine pollution and at best can only adapt to environmental conditions. we develop a bioeconomic model of optimal harvest of an annual species that is subject to an environmental disturbance. we parameterize the model to analyze the effect of hypoxia (low dissolved oxygen) on the optimal harvest path of brown shrimp, a commercially important species that is fished in hypoxic waters in the gulf of mexico and in estuaries in the southeastern united states. we find that hypoxia alters the qualitative pattern of optimal harvest and shifts the season opening earlier in the year: more severe hypoxia leads to even earlier season openings. failure to adapt to hypoxia leads to greater losses when the effects of hypoxia are more severe. however, rent gains from adapting fishery management to hypoxia are relatively small compared to rent losses from the hypoxia effect itself. this suggests that it is critical for other regulatory agencies to control estuarine pollution, and fishery managers need to generate value from the fishery resources through other means such as rationalization. (c) 2010 elsevier b.v. all rights reserved.",10.1016/j.ecolecon.2010.11.003,1.0
Preliminary Assessment Of Pcb Risks To Human And Ecological Health In The Lower Passaic River,"Concentrations of aroclor mixtures and specific polychlorinated biphenyl (pcb) congeners were measured in surface sediments and aquatic biota (striped bass fillet, mummichog, and blue crab muscle and hepatopancreas) collected from the lower passaic river. several of the 47 surface sediment samples contained aroclor concentrations that exceeded a national oceanic and atmospheric administration (noaa) benchmark level for ''total pcbs'' (22.7 mu g/kg). each of the 18 pcb congeners analyzed in aquatic biota was detected in one or more tissue samples, and numerous congeners were detected in every sample (iupac numbers 77, 105, 114, 118, 123, 126, 156, 157, 167, and 1891. pcb congener concentrations were similar to those that have been reported in fish from other waterways that contain elevated levels of pcbs. congener 118 was present at the highest concentration in almost all samples, and constituted 14-60% of the total pcb mass (sum of all congener masses) measured in any given tissue sample. in spite of the prevalence of pcb congeners in biota tissues (up to 1314 mu g/kg total pcbs), aroclors were not detected in bass or crab samples at a limit of detection of 33-55 mu g/kg. this anomaly may be due to selective degradation of certain pcb congeners that are used to analytically recognize and quantitate aroclors. using the measured sediment concentrations, a food web model accurately predicted blue crab muscle concentrations of individual pcb congeners (typically within a factor of two) and was also fairly accurate for mummichog (typically within an order of magnitude). concentrations in striped bass fillet were underestimated by factors of approximately 20-140. increased cancer risk estimates associated with fish and crab consumption were obtained using four different methods. using aroclor tissue concentrations lone-half the limit of detection) and an aroclor slope factor, total risks were 2.6 x 10(-6); using the ''total pcbn measurements and an aroclor slope factor, total risks were 1.9 x 10(-5); the ''pcb-teq'' method yielded total risks of 6.5 x 10(-4); and usepa's recent suggested approach for evaluating ''dioxin-like'' and non-''dioxin-like'' effects resulted in a total risk of 6.6 x 10(-4). this wide range in risk estimates indicates that ii ii; critical to the risk management decision-making process that data requirements and risk assessment objectives be carefully evaluated early in the investigation process.",10.1080/009841097159700,0.0
Where Did They Not Go? Considerations For Generating Pseudo-Absences For Telemetry-Based Habitat Models,"Background habitat suitability models give insight into the ecological drivers of species distributions and are increasingly common in management and conservation planning. telemetry data can be used in habitat models to describe where animals were present, however this requires the use of presence-only modeling approaches or the generation of 'pseudo-absences' to simulate locations where animals did not go. to highlight considerations for generating pseudo-absences for telemetry-based habitat models, we explored how different methods of pseudo-absence generation affect model performance across species' movement strategies, model types, and environments. methods we built habitat models for marine and terrestrial case studies, northeast pacific blue whales (balaenoptera musculus) and african elephants (loxodonta africana). we tested four pseudo-absence generation methods commonly used in telemetry-based habitat models: (1) background sampling; (2) sampling within a buffer zone around presence locations; (3) correlated random walks beginning at the tag release location; (4) reverse correlated random walks beginning at the last tag location. habitat models were built using generalised linear mixed models, generalised additive mixed models, and boosted regression trees. results we found that the separation in environmental niche space between presences and pseudo-absences was the single most important driver of model explanatory power and predictive skill. this result was consistent across marine and terrestrial habitats, two species with vastly different movement syndromes, and three different model types. the best-performing pseudo-absence method depended on which created the greatest environmental separation: background sampling for blue whales and reverse correlated random walks for elephants. however, despite the fact that models with greater environmental separation performed better according to traditional predictive skill metrics, they did not always produce biologically realistic spatial predictions relative to known distributions. conclusions habitat model performance may be positively biased in cases where pseudo-absences are sampled from environments that are dissimilar to presences. this emphasizes the need to carefully consider spatial extent of the sampling domain and environmental heterogeneity of pseudo-absence samples when developing habitat models, and highlights the importance of scrutinizing spatial predictions to ensure that habitat models are biologically realistic and fit for modeling objectives.",10.1186/s40462-021-00240-2,0.0
A Novel Model Of Predator-Prey Interactions Reveals The Sensitivity Of Forage Fish: Piscivore Fishery Trade-Offs To Ecological Conditions,"Ecosystem-based fisheries management seeks to consider trade-offs among management objectives for interacting species, such as those that arise through predator-prey linkages. in particular, fisheries-targeting forage fish (small and abundant pelagic fish) might have a detrimental effect on fisheries-targeting predators that consume them. however, complexities in ecological interactions might dampen, negate, or even reverse this trade-off, because small pelagic fish can be important predators on egg stages of piscivorous fish. further, the strength of this trade-off might depend on the extent to which piscivorous fish targeted by fisheries regulate forage species productivity. here, we developed a novel delay-differential bioeconomic model of predator-prey and fishing dynamics to quantify how much egg predation or weak top-town control affects the strength of trade-off between forage and piscivore fisheries, and to measure how ecological interactions dictate policies that maximize steady-state profits. we parameterized the model based on ecological and economic data from the north sea atlantic cod (gadus morhua) and atlantic herring (clupea harengus). the optimal policy was very sensitive to the ecological interactions (either egg predation or weak top-down control of forage by predators) at relatively low forage prices but was less sensitive at high forage fish prices. however, the optimal equilibrium harvest rates on forage and piscivores were not substantially different from what might be derived through analyses that did not consider species interactions. applying the optimal multispecies policy would produce substantial losses (>25%) in profits in the piscivore fishery, and the extent of loss was sensitive to ecological scenarios. while our equilibrium analysis is informative, a dynamic analysis under similar ecological scenarios is necessary to reveal the full economic and ecological benefits of applying ecosystem-based fishery management policies to predator-prey fishery systems.",10.1093/icesjms/fsu242,1.0
"Rebuilding Global Fisheries: The World Summit Goal, Costs And Benefits","Many of the world's fish stocks are depleted as a result of overexploitation, pollution and habitat loss. the 2002 world summit on sustainable development (wssd) sets a target for fisheries to maintain or restore stocks to levels that can produce the maximum sustainable yield (msy) by 2015. we assessed the global stock status and found that 68% were at or above the msy level in 2008 and that the 2015 target is unlikely to be met. we compiled data for eight indicators to evaluate the sustainability of fisheries and the gap to meet the wssd target. these indicators show that the overall condition of global fisheries is declining, long-term benefits are being compromised, and pressures on fisheries are increasing despite fisheries policy and management actions being taken by coastal states. we develop a bio-economic model to estimate the costs and benefits of restoring overfished stocks. our results show that the global fishing capacity needs to be cut by 3643% from the 2008 level, resulting in the loss of employment of 1215 million fishers and costing us$96358 billion for buybacks. on the other hand, meeting the wssd goal will increase annual fishery production by 16.5 million tonnes, annual rent by us$32 billion and improve biodiversity and functioning of marine ecosystems. however, progress towards rebuilding has been hindered by an unwillingness or inability to accept the short-term socio-economic consequences associated with rebuilding fisheries. thus, there is a pressing need for integration of rebuilding plans into national political and economic decision-making.",10.1111/j.1467-2979.2012.00460.x,1.0
Influence Of Geotraces Data Distribution And Misfit Function Choice On Objective Parameter Retrieval In A Marine Zinc Cycle Model,"Biogeochemical model behaviour for micronutrients is typically hard to constrain because of the sparsity of observational data, the difficulty of determining parameters in situ, and uncertainties in observations and models. here, we assess the influence of data distribution, model uncertainty, and the misfit function on objective parameter optimisation in a model of the oceanic cycle of zinc (zn), an essential micronutrient for marine phytoplankton with a long whole-ocean residence time. we aim to investigate whether observational constraints are sufficient for reconstruction of biogeochemical model behaviour, given that the zn data coverage provided by the geotraces intermediate data product 2017 is sparse. furthermore, we aim to assess how optimisation results are affected by the choice of the misfit function and by confounding factors such as analytical uncertainty in the data or biases in the model related to either seasonal variability or the larger-scale circulation. the model framework applied herein combines a marine zn cycling model with a state-of-the-art estimation of distribution algorithm (covariance matrix adaption evolution strategy, cma-es) to optimise the model towards synthetic data in an ensemble of 26 optimisations. provided with a target field that can be perfectly reproduced by the model, optimisation retrieves parameter values perfectly regardless of data coverage. as differences between the model and the system underlying the target field increase, the choice of the misfit function can greatly impact optimisation results, while limitation of data coverage is in most cases of subordinate significance. in cases where optimisation to full or limited data coverage produces relatively distinct model behaviours, we find that applying a misfit metric that compensates for differences in data coverage between ocean basins considerably improves agreement between optimisation results obtained with the two data situations.",10.5194/bg-19-5079-2022,1.0
"The Effect Of Abundance Changes On A Management Strategy Evaluation For The Atlantic Surfclam (Spisula Solidissima) Using A Spatially Explicit, Vessel-Based Fisheries Model","Increased bottom water temperatures have caused a relocation and contraction of the range of the atlantic surfclam, spisula solidissima, in the mid-atlantic bight (mab). consequences include declining stock abundance and landings per unit effort (lpue) in southern portions of the range. a management strategy evaluation (mse) assessed the potential of rotational closures to improve surfclam productivity and fishery viability under three levels of abundance. in simulations, fishing vessels harvest the stock under performance and quota constraints and captain behavioral proclivities. management alternatives examined included the addition of area manage. ment to the current management plan using two closure location rules and three closure durations at two levels of incidental mortality. simulations showed that area management increased stock abundance and fishery lpue, particularly when surfclam abundance was low. simulations suggest area management could help insulate the stock and commercial fishery from further shifts in range.",10.1016/j.ocecoaman.2018.11.008,1.0
"Bioeconomic Modelling Of Coastal Cod And Kelp Forest Interactions: Co-Benefits Of Habitat Services, Fisheries And Carbon Sinks","Ecosystem-based fisheries management seeks to expand upon the traditional one-stock fisheries management measures by internalizing the effects of fishing on marine ecosystems, and accounting for biological interactions among marine resources. the fact that marine resources provide multiple, often competing benefits, makes the accomplishment of these ecosystem-based fisheries management objectives highly complex. in this paper, we develop a dynamic bioeconomic model to analyze the ecological and economic interactions between fisheries and renewable habitat where the habitat provides multiple ecosystem services. specifically, a single resource manager seeks to maximize co-benefits of fishery-habitat interactions when the habitat is an exploitable marine resource, but also a dwelling place for commercial fish, enhancing the growth of the fish stock and providing regulating ecosystem services in the form of carbon sink for climate change mitigation. the optimal management rules for both fishery and habitat are derived and discussed. we also present an application of the model to analyze an integrated management of coastal cod and kelp forests in norway, where regulations on commercial harvesting of kelp forests seek to protect fisheries. both the theoretical model and the norwegian application suggest substantial potential increases for both coastal cod and kelp forest stocks, with an attendant 8% increase in cod harvests, and about 1% reduction in kelp harvests. in addition, an optimal management regime that internalizes carbon sink co-benefits of kelp forests stores additional 300,000 tonnes of carbon.",10.1007/s10640-019-00387-y,1.0
Ecosystem Effects Of Fishing & El Nino At The Galapagos Marine Reserve,"The galapagos archipelago is home to a diverse range of marine bioregions due to the confluence of several cold and warm water currents, resulting in some of the most productive tropical marine ecosystems in the world. these ecosystems are strongly influenced by el nino events which can reduce primary production by an order of magnitude, dramatically reducing energy available throughout the food web. fisheries are an important component of the local economy, although artisanal and illegal overfishing have dramatically reduced the productivity of invertebrate and finfish resources in recent decades, resulting in reductions in catches for local fishers. the regionally-endemic sailfin grouper (myctereoperca olfax), locally known as bacalao, was once the most important fished species in the galapagos, but is now listed as vulnerable by the iucn due to its limited range and dramatic declines in catch over time. it is unknown how reduction of this predatory species has affected ecosystem structure and function. in the absence of stock assessments, we used an estimate of unfished bacalao biomass from fishers' ecological knowledge along with unfished biomass estimates of other heavily exploited stocks-lobster (panulirus penicillatus and p. gracilis) and sea cucumber (isostichopus fuscus)-to create historical, unfished versions of existing modern day ecosystem models. we used the unfished and modern versions of the ecosystem models to test the ecosystem effects of bacalao exploitation at the bolivar channel, located in the cold, west upwelling bioregion of the archipelago during both el nino and non el nino years, and at floreana island, in the warmer, central bioregion. fishers' ecological knowledge indicates that at present, the biomass of bacalao is at least seven times lower than when unfished. this reduced bacalao biomass is linked with a greatly reduced ecosystem role compared to when unfished, and ecosystem role is further reduced in el nino years. allowing bacalao populations to rebuild to at least half of unfished biomass would partially restore their role within these ecosystems, while also resulting in greater fisheries catches. comparing ecosystem impacts caused by fishing and el nino, fishing has had a greater negative impact on bacalao ecosystem role than regular el nino events.",10.7717/peerj.6878,1.0
A Remote Sensing Model For Coral Recruitment Habitat,"1. there is an increased need for habitat models of coral reefs to aid active interventions and restoration efforts rather than just map reef habitat extent. habitat models provide the base layer for connectivity estimates among coral populations, to identify sites with likely increased coral survival and reduced project costs. we present a spatial modelling method to better identify coral reef habitats for coral recruitment and survival. 2. we demonstrate these methods for an offshore reef cluster in north western australia that has lost live coral as a result of successive bleaching events. this isolated set of reefs has high levels of coral self-recruitment, which makes them a good test for methods that underpin spatial optimisation of coral restoration locations. 3. our method uses satellite derived, multiscale depth and rugosity metrics to model habitat classes, and applies randomforest cross-validated variable importance to optimally select a subset of these metrics that best model each habitat. our approach produces improved models compared to existing object-based segmentation methods by overcoming a bias toward larger single-scale homogenous reef features. 4. our method produces robust models of target reef recruitment habitats with encrusting and juvenile corals with crustose coralline algae but also models of habitats that are not desirable as recruitment habitat such as turf algae, sand, and rubble. all these models meet or exceed accepted accuracy benchmarks (accuracy and auc values >0.8 on blind hold-out data used for validation and kappa values >0.6). 5. these models are specifically designed to support coral restoration including prime coral recruitment habitats with a mixture of crustose coralline encrusting and juvenile corals. 6. we demonstrate how spatially explicit model validation can identify locations within the target area where models are most and least supported, providing valuable additional insights into planning targeted survey efforts to reduce spatial uncertainty, and targeted restoration interventions that have the highest probability of success. 7. our method has broad utility due to the widely and freely available sentinel 2 remote sensing data cover for most reef systems globally, and field data collected with a simple drop camera system and classified with via the reefcloud open access image classification system. it also has potential for adaption and refinement using other finer scale commercial remote sensing satellite data that can be used to drive digital elevation models including planet labs skysat and worldview 3 data.",10.1016/j.rse.2024.114231,1.0
Is Size-Dependent Pricing Prevalent In Fisheries? The Case Of Norwegian Demersal And Pelagic Fisheries,"It is commonly acknowledged that body weight of fish is a key factor in determining market value of landed catch, thus influencing optimal harvest strategies. however, in management strategy evaluations and bioeconomic modelling, body size is often an overlooked economic parameter, and there are no systematic studies on the prevalence of size-dependent pricing. here we assess the presence and magnitude of size-dependent pricing in ex-vessel prices of fish in norwegian fisheries. the data encompass landings of four pelagic and four demersal stocks in norway in 2000-2010. linear mixed models and generalized additive models were used to determine the dependence of unit price on weight class as well as on total yield and time (year). the results show a significant positive relationship between weight class and price for seven out of the eight examined fish stocks. the relative effect of body weight on price was the strongest for cod, greenland halibut, norwegian spring-spawning herring and mackerel, lesser for north sea herring and saithe, and negligible for horse mackerel. these findings demonstrate that size-dependent pricing is common in norwegian fisheries, and is therefore of high relevance for resource economics and fisheries management.",10.1093/icesjms/fst121,0.0
Food Web Modeling Of The Southeastern Galapagos Shelf Ecosystem,"The galapagos marine reserve is one of the largest marine protected areas in the world, hosting a high species diversity and endemism and supporting economically important artisanal fisheries for local people and tourists. to ensure proper management and conservation of species in an ecosystem is necessary to determine the species' contributions to ecosystem functions and organization. we characterized the structure and functioning of the southeastern galapagos archipelago shelf ecosystem by building a mass balanced ecopath model representing the period 2001-2004. the model considered 72 functional groups, emphasizing endemic or threatened species (eots), commercial species and seven fishing fleets. various ecological network analysis indicators were used to determine the status of the ecosystem. structural and flow-based indices, trophic interactions among groups and keystone species indices were used to determine the ecological role of the species, while fishing pressure indicators were analyzed to determine the sustainability of the fisheries. the results indicate the ecosystem has a middle developing level, is stable and resilient. marine mammals, sharks, birds and fish with high trophic level (tls) play roles in maintaining the order of the ecosystem and its resilience. among these groups highlight several eots (e.g., the galapagos sea lion), and some species of commercial value (e.g., the galapagos sailfin grouper). eots and commercial species are important contributors to the ecosystem structure, but those with a lower tl contribute the most to the energy transfer. these findings suggest that certain commercial species deserve more protection as they contribute in a similar way as eots to important ecosystem functions. contrary to what was expected, the results suggest the fishing activities produce moderate impacts, mainly on fisheries target species, but without significantly affecting the ecosystem functions. however, further studies are recommended to reinforce these findings. this model provides information useful for the design of management strategies that balance the conservation and exploitation of the galapagos marine resources.",10.1016/j.ecolind.2021.108270,1.0
Advancing Research In Marine Functional Connectivity For Improved Policy And Management,"Marine functional connectivity (mfc) refers to the dynamic spatial exchange of biomass, individuals, genes, and energy via the collective movements of all marine organisms during their lifetimes. in addition to controlling the distribution and resilience of marine biodiversity and exploited stocks, mfc plays a key role in the structure and functioning of ecosystems, at sea and at the land-sea interface. as marine ecosystems and their species face climate change and unprecedented multiple anthropogenic pressures, rapid action is needed to comprehend mfc patterns and their changes in order to anticipate the fates of ocean services to humanity. despite many advances in techniques to measure or infer marine species' distributions and spatial dynamics, significant progress is still necessary. a full understanding of mfc requires better knowledge of the relationships between marine communities and their habitats, quantification of fluxes of matter and energy, and the capacity to forecast how the many services provided by the ocean may change. the 17 papers in this theme section showcase the range of approaches and scales applied in contemporary mfc studies and encompass the diversity of ecosystems and taxa investigated worldwide. the innovative approaches presented here to advance mfc science pave the way to enrich current understanding of mfc's role in ecosystem functioning, and flag how mfc knowledge can be better applied to protect marine resources and manage marine and littoral habitats.",10.3354/meps14550,0.0
"Distribution Models Of Deep-Sea Elasmobranchs In The Azores, Mid-Atlantic Ridge, To Inform Spatial Planning","Elasmobranchs inhabiting depths beyond 200 m are extremely susceptible to overexploitation but are extracted by fisheries around the world either as target species or as bycatch. there is little information available to formulate management strategies to reduce elasmobranch-fishery interactions in the deep sea. in european union waters, prohibiting the catches of deep-sea elasmobranchs has provided the necessary impetus to study bycatch avoidance of these threatened species. we used over 20 years of fisheries-independent and fisheries-dependent data to model the spatial distribution of 15 species of deep-sea elasmobranchs (12 sharks and 3 rays) captured frequently in the exclusive economic zone of the azores archipelago (mid-atlantic ridge) to explore spatial management to reduce unwanted catches of these species. we applied generalised additive models to predict the probability of presence of 15 species, as well as the abundance of 6 of those species, within the azores eez and neighbouring seamounts (up to 2000 m depth), using environmental and operational variables as predictors. our results identified that depth is most influential in determining the distribution of these sharks and rays, in addition to seafloor topography. distinctive bathymetric features such as seamounts and ridges were highlighted as areas where the probability of presence of the greatest number of species overlapped. although not related to habitat, gear type influenced the capture probability of certain species, with the artisanal handline, gorazeira, having lower captures than bottom longline. our results support using depth-based, area-based, and gear-based tactics to design management measures to reduce elasmobranch bycatch, for more sustainable deep-sea fisheries.",10.1016/j.dsr.2022.103707,1.0
Ecosystem Trophic Structure And Fishing Effort Simulations Of A Major Fishing Ground In The Northeastern Mediterranean Sea (Thermaikos Gulf),"Ecosystem modelling constitutes a useful tool for the ecosystem approach to fisheries management, which demands a shift to more complex models that include multi-species trophic interactions, environmental and anthropogenic forcing. the thermaikos gulf is a shallow gulf in the northwestern aegean sea (greece) and one of the major fishing grounds of the northeastern mediterranean concentrating high fishing effort of trawlers and purse-seiners and producing more than 20% of the total greek catches. in the present work, we developed an ecopath base model and ran ecosim simulations for 26 years (2000-2025), including the calibration period (2000-2016), aiming to describe the food web structure and function of the thermaikos gulf, identify main components and interactions among the 33 functional groups, assess the ecosystem impacts of fishing over time, and compare ecosystem properties with other mediterranean areas. overall ecosystem degradation with biomass and catch decline was observed at the end of the calibration period due to the impact of environmental factors and fishing activities. the ecosystem seemed to stabilize in an intermediate state by the end of the projection years, but with an overall biomass and catch decline. fishing effort reduction after 2016 resulted in higher biomass and catches compared to 2014-2015, that could not however reach the 2000 levels in most cases. the examined fishing effort reduction scenarios clearly showed that the more the fishing effort is reduced, the higher the biomass in the ecosystem and the lower the catches obtained compared to the baseline scenario. in a nutshell, since environmental drivers may be harder to predict or control, lowering the exploitation levels is an important step towards the rebuilding of overfished marine resources and more resilient ecosystems.",10.1016/j.ecss.2021.107667,1.0
Demonstration Of A Fully-Coupled End-To-End Model For Small Pelagic Fish Using Sardine And Anchovy In The California Current,"We describe and document an end-to-end model of anchovy and sardine population dynamics in the california current as a proof of principle that such coupled models can be developed and implemented. the end-to-end model is 3-dimensional, time-varying, and multispecies, and consists of four coupled sub-models: hydrodynamics, eulerian nutrient-phytoplankton-zooplankton (npz), an individual-based full life cycle anchovy and sardine submodel, and an agent-based fishing fleet submodel. a predator roughly mimicking albacore was included as individuals that consumed anchovy and sardine. all submodels were coded within the roms open-source community model, and used the same resolution spatial grid and were all solved simultaneously to allow for possible feedbacks among the submodels. we used a super-individual approach and solved the coupled models on a distributed memory parallel computer, both of which created challenging but resolvable bookkeeping challenges. the anchovy and sardine growth, mortality, reproduction, and movement, and the fishing fleet submodel, were each calibrated using simplified grids before being inserted into the full end-to-end model. an historical simulation of 1959-2008 was performed, and the latter 45 years analyzed. sea surface height (ssh) and sea surface temperature (sst) for the historical simulation showed strong horizontal gradients and multi-year scale temporal oscillations related to various climate indices (pdo, npgo), and both showed responses to enso variability. simulated total phytoplankton was lower during strong el nino events and higher for the strong 1999 la nina event. the three zooplankton groups generally corresponded to the spatial and temporal variation in simulated total phytoplankton. simulated biomasses of anchovy and sardine were within the historical range of observed biomasses but predicted biomasses showed much less inter-annual variation. anomalies of annual biomasses of anchovy and sardine showed a switch in the mid-1990s from anchovy to sardine dominance. simulated averaged weights- and lengths-at-age did not vary much across decades, and movement patterns showed anchovy located close to the coast while sardine were more dispersed and farther offshore. albacore predation on anchovy and sardine was concentrated near the coast in two pockets near the monterey bay area and equatorward of cape mendocino. predation mortality from fishing boats was concentrated where sardine age-1 and older individuals were located close to one of the five ports. we demonstrated that it is feasible to perform multi-decadal simulations of a fully-coupled end-to-end model, and that this can be done for a model that follows individual fish and boats on the same 3-dimensional grid as the hydrodynamics. our focus here was on proof of principle and our results showed that we solved the major technical, bookkeeping, and computational issues. we discuss the next steps to increase computational speed and to include important biological differences between anchovy and sardine. in a companion paper (fiechter et al., 2015), we further analyze the historical simulation in the context of the various hypotheses that have been proposed to explain the sardine and anchovy cycles. (c) 2015 elsevier ltd. all rights reserved.",10.1016/j.pocean.2015.01.012,1.0
Invasibes: Understanding And Managing The Impacts Of Invasive Alien Species On Biodiversity And Ecosystem Services,"Invasive alien species (ias) are amongst the most significant drivers of species extinction and ecosystem degradation, causing negative impacts on ecosystem services and human well-being. invasibes, a project funded by biodiversa-belmont forum for 2019-2021, will use data and models across scales, habitats and species to understand and anticipate the multi-faceted impacts of ias and to provide tools for their management. using alien species narratives as reference, we will design future intervention scenarios focused on prevention, control and eradication of ias in europe and the united states, through a participatory process bringing together the expertise of scientists and stakeholders. we will also adapt current impact assessment protocols to assess both the detrimental and beneficial impacts of ias on biodiversity and ecosystem services. this information will then be combined with maps of the potential distribution of invasive species of interest in europe under current and future climate-change scenarios. likewise, we will anticipate areas under risk of invasion by range-shifting plants of concern in the us. finally, focusing on three local-scale studies that cover a range of habitats (freshwater, terrestrial and marine), invasive species (plants and animals) and ecosystem services (supporting, provisioning, regulating and cultural), we will use empirical field data to quantify the real-world impacts of ias on biodiversity and ecosystem services and calculate indicators of ecosystem recovery after the invader is removed. spatial planning tools (invest) will be used to evaluate the costs and benefits of species-specific intervention scenarios at the regional scale. data, models and maps, developed throughout the project, will serve to build scenarios and models of biodiversity and ecosystem services that are relevant to underpin management of ias at multiple scales.",10.3897/neobiota.50.35466,1.0
Towards 'Ecological Coherence': Assessing Larval Dispersal Within A Network Of Existing Marine Protected Areas,"The convention on biological diversity mandates the establishment of marine protected area (mpa) networks worldwide, with recommendations stating the importance of 'ecological coherence,' a responsibility to support and perpetuate the existing ecosystem, implying the need to sustain population connectivity. while recommendations exist for integrating connectivity data into mpa planning, little advice exists on how to assess the connectivity of existing networks. this study makes use of recently observed larval characteristics and freely available models to demonstrate how such an assessment could be undertaken. the cold water coral (cwc) lophelia pertusa (linnaeus, 1758) is used as a model species, as much of the ne atlantic mpa network has been designated for cwc reef protection, but the ecological coherence of the network has yet to be assessed. simulations are run for different behavioural null models allowing a comparison of 'passive' (current driven) and 'active' (currents + vertical migration) dispersal, while an average prediction is used for mpa assessment. this model suggests that the network may support widespread larval exchange and has good local retention rates but still has room for improvement. the best performing mpas were large and central to the network facilitating transport across local dispersal barriers. on average, passive and active dispersal simulations gave statistically similar results, providing encouragement to future local dispersal assessments where active characteristics are unknown.",10.1016/j.dsr.2017.06.004,1.0
Triple Bottom Line Assessment For The Historically Underperforming Colombian Queen Conch Fishery,"The rebuilding of a collapsed fishery is a daunting management challenge as multi-faceted evaluations are required to assess the current and potential performance of the fishery system. single-dimension analyses such as stock abundance assessments are only partially effective in determining the best course of action in this type of scenarios. this study relied on the fishery performance indicators (fpis) - a rapid assessment tool for measuring economic, social and ecological outcomes from fishery management systems - to analyze performance and rebuilding challenges for the colombian queen conch (aliger gigas) fishery. the ecological and economic indicators clearly revealed an underperforming fishery, even when compared to other fisheries from developing countries. however, higher scores were achieved in the community (social) indicators, reflecting the socioeconomic and cultural importance of the fishery even when operating at a subsistence level. in addition to ecological considerations, managerial and economic factors play an important role in the rebuilding of the resource. bioeconomic modeling of the fishery is strongly recommended to contribute useful economic advice to the policy-making process, which has been traditionally guided by biological considerations such as maximization of sustainable yield.",10.1016/j.marpol.2020.104257,0.0
Accounting For Spatial Scale And Temporal Variation In Fish-Habitat Analyses Using Baited Remote Underwater Video Stations (Bruvs),"With the implementation of marine spatial planning in many coastal regions of the world, there is a need to understand how marine species and communities respond to environmental heterogeneity. predictive modelling approaches are one efficient method for associating marine communities with variations across the seascape. these approaches, along with increasing access to spatially explicit environmental data, provide improved opportunities for modelling fish assemblages. baited remote underwater video stations (bruvs) are a popular means of gathering fish assemblage data in the coastal zone, but have biases in bait attraction, trophic groups sampled, and behavioral conditions. to account for these biases, spatial and temporal scales of analyses must be considered. in this study, we combined time-series bruvs observations with seafloor and oceanographic variables in generalized additive models to model patterns of relative species richness and abundance in temperate coastal fish assemblages across multiple habitat types, functional trophic groups, and spatial scales from 5-500 m. we show that the spatial and temporal scale of analyses and behavioral characteristics of target species (such as mobility) are important considerations when predicting the spatial distribution of a particular assemblage or functional subset. the resulting models performed well, with prediction accuracies up to 79% while explaining between 24 and 83 % of variance. these models were then used to extrapolate assemblage characteristics over broader areas of the seafloor to expand our understanding of fish distributions, providing valuable insights for marine spatial planning, including marine protected area assessment.",10.3354/meps13292,1.0
Climate Change Alterations To Ecosystem Dominance: How Might Sponge-Dominated Reefs Function?,"Anthropogenic stressors are impacting ecological systems across the world. of particular concern are the recent rapid changes occurring in coral reef systems. with ongoing degradation from both local and global stressors, future reefs are likely to function differently from current coral-dominated ecosystems. determining key attributes of future reef states is critical to reliably predict outcomes for ecosystem service provision. here we explore the impacts of changing sponge dominance on coral reefs. qualitative modelling of reef futures suggests that changing sponge dominance due to increased sponge abundance will have different outcomes for other trophic levels compared with increased sponge dominance as a result of declining coral abundance. by exploring uncertainty in the model outcomes we identify the need to (1) quantify changes in carbon flow through sponges, (2) determine the importance of food limitation for sponges, (3) assess the ubiquity of the recently described sponge loop, (4) determine the competitive relationships between sponges and other benthic taxa, particularly algae, and (5) understand how changing dominance of other organisms alters trophic pathways and energy flows through ecosystems. addressing these knowledge gaps will facilitate development of more complex models that assess functional attributes of sponge-dominated reef ecosystems.",10.1002/ecy.2446,0.0
Predicting Bycatch Hotspots Based On Suitable Habitat Derived From Fishery-Independent Data,"Bycatch remains a global problem in managing sustainable fisheries. a critical aspect of management is understanding the timing and spatial extent of bycatch. fisheries management often relies on observed bycatch data, which are not always available due to a lack of reporting or observer coverage. alternatively, analyzing the overlap in suitable habitat for the target and non-target species can provide a spatial management tool to understand where bycatch interactions are likely to occur. potential bycatch hotspots based on suitable habitat were predicted for cusk brosme brosme incidentally caught in the gulf of maine american lobster homarus americanus fishery. data from multiple fisheries-independent surveys were combined in a delta-generalized linear mixed model to generate spatially explicit density estimates for use in an independent habitat suitability index. the habitat suitability indices for american lobster and cusk were then compared to predict potential bycatch hotspot locations. suitable habitat for american lobster has increased between 1980 and 2013 while suitable habitat for cusk decreased throughout most of the guff of maine, except for georges basin and the great south channel. the proportion of overlap in suitable habitat varied interannually but decreased slightly in the spring and remained relatively stable in the fall over the time series. as gulf of maine temperatures continue to increase, the interactions between american lobster and cusk are predicted to decline as cusk habitat continues to constrict. this framework can contribute to fisheries managers' understanding of changes in habitat overlap as climate conditions continue to change and alter where bycatch interactions could occur.",10.3354/meps13302,1.0
The Impacts Of Fish Body Size Changes On Stock Recovery: A Case Study Using An Australian Marine Ecosystem Model,"Many fished stocks show long-term reductions in adult body size. such changes could lead to new feeding interactions and alter stock productivity, introducing new levels of uncertainty in fisheries management. we use a marine ecosystem model parameterized for southeast australia to explore how reductions (up to 6% in 50 years) in size-at-age of fished species affect stock recovery after an implementation of a fishing moratorium. we show that reduction in body size can greatly elevate predation mortality and lower the post-fishing biomass of affected species. in our simulations, the recovery period after the fishing moratorium was characterized by two phases. in the initial readjustment phase, the ecosystem dynamics was largely determined by the rapid changes in the biomasses of recovering species and changes in body size had negligible effects. in contrast, fish body sizes had the major impact on the biomasses in the second, semi-equilibrium state and the final biomasses were generally not affected by the harvest rate during the fishing period. when reduced size-at-age elevated predation mortality in most age groups of a species (tiger flathead platycephalus richardsoni or silver warehou seriolella punctata in our simulations), the species' equilibrium biomass was considerably lower compared with the scenarios of no change in body size. for other species (pink ling genypterus blacodes and jackass morwong nemadactylus macropterus), a predation increase in some age groups was balanced by the decrease in others. the latter reduction in predation mortality occurred when major predators of species with reducing size-at-age were decreasing in size themselves, or when cannibalism was an important source of juvenile mortality (in blue grenadier macruronus novaezelandiae). we suggest that decreased size-at-age will be most detrimental to stock recovery when the main predators of the stock are not affected by the drivers causing changes in body size.",10.1093/icesjms/fsu185,1.0
"Assessing Ecosystem Threats From Global And Regional Change: Hierarchical Modeling Of Risk To Sagebrush Ecosystems From Climate Change, Land Use And Invasive Species In Nevada, Usa","Global change poses significant challenges for ecosystem conservation. at regional scales, climate change may lead to extensive shifts in species distributions and widespread extirpations or extinctions. at landscape scales, land use and invasive species disrupt ecosystem function and reduce species richness. however, a lack of spatially explicit models of risk to ecosystems makes it difficult for science to inform conservation planning and land management. here, i model risk to sagebrush (artemisia spp.) ecosystems in the state of nevada, usa from climate change, land use/land cover change, and species invasion. risk from climate change is based on an ensemble of 10 atmosphere-ocean general circulation model (aogcm) projections applied to two bioclimatic envelope models (mahalanobis distance and maxent). risk from land use is based on the distribution of roads, agriculture, and powerlines, and on the spatial relationships between land use and probability of cheatgrass bromus tectorum invasion in nevada. risk from land cover change is based on probability and extent of pinyon-juniper (pinus monophylla; juniperus spp.) woodland expansion. climate change is most likely to negatively impact sagebrush ecosystems at the edges of its current range, particularly in southern nevada, southern utah, and eastern washington. risk from land use and woodland expansion is pervasive throughout nevada, while cheatgrass invasion is most problematic in the northern part of the state. cumulatively, these changes pose major challenges for conservation of sagebrush and sagebrush obligate species. this type of comprehensive assessment of ecosystem risk provides managers with spatially explicit tools important for conservation planning.",10.1111/j.1600-0587.2009.05684.x,0.0
Using Shortened Spin-Ups To Speed Up Ocean Biogeochemical Model Optimization,"The performance of global ocean biogeochemical models can be quantified as the misfit between modeled tracer distributions and observations, which is sought to be minimized during parameter optimization. these models are computationally expensive due to the long spin-up time required to reach equilibrium, and therefore optimization is often laborious. to reduce the required computational time, we investigate whether optimization of a biogeochemical model with shorter spin-ups provides the same optimized parameters as one with a full-length, equilibrated spin-up over several millennia. we use the global ocean biogeochemical model mops with a range of lengths of model spin-up and calibrate the model against synthetic observations derived from previous model runs using a derivative-free optimization algorithm (dfo-ls). when initiating the biogeochemical model with tracer distributions that differ from the synthetic observations used for calibration, a minimum spin-up length of 2,000 years was required for successful optimization due to certain parameters which influence the transport of matter from the surface to the deeper ocean, where timescales are longer. however, preliminary results indicate that successful optimization may occur with an even shorter spin-up by a judicious choice of initial condition, here the synthetic observations used for calibration, suggesting a fruitful avenue for future research. global ocean biogeochemical models allow us to simulate ocean biological and chemical variables throughout the global ocean, and are necessary for climate change projections. they are very computationally expensive due to the required spin-up needed for the model to reach a steady state, and so any improvements to the model need to be sought in an efficient way. one way we investigate here is to first make the model less computationally expensive by using a shorter spin-up, and then we apply an efficient optimization algorithm to tune the model to observations. by shortening the spin-up from 3,000 to 2,000 years we show that we can still reach a successfully optimized model. preliminary results indicate that successful optimization may occur with an even shorter spin-up when the biogeochemical model is initialized from a more accurate state, which highlights a future avenue for research that may encourage more systematic tuning of computationally expensive ocean biogeochemical models. global ocean biogeochemical models are computationally expensive due to the long spin-up time required to reach equilibrium a shortened spin up of 2,000 years during parameter optimization can be successfully optimized how short a spin-up one can successfully optimize is influenced by the parameters being calibrated and the initial conditions of the model",10.1029/2023MS003941,0.0
Proximity To Seabird Colonies And Water Availability Shape Moss Distributions In Antarctica,"UNDERSTANDING SPECIES DISTRIBUTIONS ACROSS ANTARCTICA IS CRUCIAL FOR BIODIVERSITY CONSERVATION UNDER CLIMATE CHANGE, BUT CONTINENTAL-SCALE ANALYSES OF KEY TERRESTRIAL SPECIES REMAIN SCARCE. HERE, WE MODELLED DISTRIBUTIONS OF 28 MOSS SPECIES ACROSS ANTARCTICA USING LOG-GAUSSIAN COX PROCESS MODELS AND ENVIRONMENTAL COVARIATES INCLUDING TOPOGRAPHIC WETNESS INDEX, DISTANCE TO SEABIRD COLONIES, AND TEMPERATURE. BROAD-SCALE DISTRIBUTIONS WERE PRIMARILY DRIVEN BY PROXIMITY TO SEABIRD COLONIES, WHILE SPECIES EXHIBITED DISTINCT RESPONSES TO WATER AVAILABILITY AND TEMPERATURE. SPECIES EXCLUSIVE TO MARITIME ANTARCTICA SHOWED NEGATIVE RELATIONSHIPS WITH A TOPOGRAPHIC WETNESS INDEX, WHEREAS CONTINENT-WIDE SPECIES RESPONDED POSITIVELY TO WATER ACCUMULATION POTENTIAL, REFLECTING REGIONAL DIFFERENCES IN WATER AVAILABILITY AND HABITAT PREFERENCES. BIAS-CORRECTED PREDICTIONS REVEALED HIGHEST MOSS DIVERSITY IN COASTAL REGIONS, WITH INLAND AREAS SUPPORTING ECOLOGICALLY DISTINCT ASSEMBLAGES. OUR BAYESIAN MODELLING APPROACH PROVIDES A FOUNDATION FOR FORECASTING BIODIVERSITY RESPONSES TO ENVIRONMENTAL CHANGE IN DATA-POOR SYSTEMS, OFFERING CRITICAL INSIGHTS FOR EVIDENCE-BASED CONSERVATION PLANNING UNDER INCREASING ANTHROPOGENIC PRESSURES.",10.1002/ecog.08166,0.0
Quantifying Earth System Interactions For Sustainable Food Production Via Expert Elicitation,"SEVERAL SAFE BOUNDARIES OF CRITICAL EARTH SYSTEM PROCESSES HAVE ALREADY BEEN CROSSED DUE TO HUMAN PERTURBATIONS; NOT ACCOUNTING FOR THEIR INTERACTIONS MAY FURTHER NARROW THE SAFE OPERATING SPACE FOR HUMANITY. USING EXPERT KNOWLEDGE ELICITATION, WE EXPLORED INTERACTIONS AMONG SEVEN VARIABLES REPRESENTING EARTH SYSTEM PROCESSES RELEVANT TO FOOD PRODUCTION, IDENTIFYING MANY INTERACTIONS LITTLE EXPLORED IN EARTH SYSTEM LITERATURE. WE FOUND THAT GREEN WATER AND LAND SYSTEM CHANGE AFFECT OTHER EARTH SYSTEM PROCESSES STRONGLY, WHILE LAND, FRESHWATER AND OCEAN COMPONENTS OF BIOSPHERE INTEGRITY ARE THE MOST IMPACTED BY OTHER EARTH SYSTEM PROCESSES, MOST NOTABLY BLUE WATER AND BIOGEOCHEMICAL FLOWS. WE ALSO MAPPED A COMPLEX NETWORK OF MECHANISMS MEDIATING THESE INTERACTIONS AND CREATED A FUTURE RESEARCH PRIORITIZATION SCHEME BASED ON INTERACTION STRENGTHS AND EXISTING KNOWLEDGE GAPS. OUR STUDY IMPROVES THE UNDERSTANDING OF EARTH SYSTEM INTERACTIONS, WITH SUSTAINABILITY IMPLICATIONS INCLUDING IMPROVED EARTH SYSTEM MODELLING AND MORE EXPLICIT BIOPHYSICAL LIMITS FOR FUTURE FOOD PRODUCTION. DETERMINING THE SAFE OPERATING SPACE FOR SUSTAINABLE FOOD PRODUCTION DEPENDS ON THE INTERACTIONS OF MULTIPLE PROCESSES WITHIN THE EARTH SYSTEM. EXPERT KNOWLEDGE PROVIDES CRITICAL INSIGHT INTO HOW THESE PROCESSES INTERACT THAT IMPROVES EARTH SYSTEM MODELLING AND OUR UNDERSTANDING OF THE LIMITS OF GLOBAL FOOD PRODUCTION.",10.1038/s41893-022-00940-6,0.0
"Performance Of Deep-sea Habitat Suitability Models Assessed Using Independent Data, And Implications For Use In Area-based Management","MARINE SPATIAL MANAGEMENT REQUIRES ACCURATE DATA ON SPECIES AND HABITAT DISTRIBUTIONS. FOR THE DEEP SEA, THESE DATA ARE LACKING. HABITAT SUITABILITY MODELLING OFFERS A ROBUST DEFENSIBLE MEANS TO FILL DATA GAPS, PROVIDED MODELS ARE SUFFICIENTLY RELIABLE. WE TESTED THE PERFORMANCE OF PUBLISHED MODELS OF 2 DEEP-SEA HABITAT-FORMING TAXA AT LOW AND HIGH RESOLUTIONS (SIMILAR TO 1 KM AND 200 M GRID-CELL SIZE), ACROSS THE EXTENDED EXCLUSIVE ECONOMIC ZONES OF THE UK AND IRELAND. WE CONSTRUCTED NEW DATA-RICH MODELS AND COMPARED NEW AND OLD ESTIMATES OF THE AREA OF HABITAT PROTECTED, NOTING CHANGES IN THE PROTECTED AREA NETWORK SINCE 2015. RESULTS OF INDEPENDENT VALIDATION SUGGEST THAT ALL PUBLISHED MODELS PERFORM WORSE THAN EXPECTED CONSIDERING ORIGINAL CROSS-VALIDATION RESULTS, BUT MODEL PERFORMANCE IS STILL GOOD OR FAIR FOR DESMOPHYLLUM PERTUSUM REEF, WITH POORER PERFORMANCE FOR PHERONEMA CARPENTERI SPONGE MODELS. HIGH-RESOLUTION MODELS USING MULTIBEAM DATA OUT-PERFORM LOW-RESOLUTION GEBCO-BASED MODELS. NEWLY CONSTRUCTED MODELS ARE GOOD TO EXCELLENT ACCORDING TO CROSS VALIDATION. NEW MODEL SPATIAL PREDICTIONS REFLECT PUBLISHED MODELS, BUT WITH A SIGNIFICANT REDUCTION IN PREDICTED EXTENT. THE CURRENT MARINE PROTECTED AREA NETWORK AND THE EUROPEAN UNION BAN ON BOTTOM TRAWLING BELOW 800 M PROTECT 40 AND 60% OF D. PERTUSUM REEF-SUITABLE HABITAT, RESPECTIVELY, AND 11 AND 100% OF P. CARPENTERI-SUITABLE HABITAT, RESPECTIVELY, WITHIN THE MODEL DOMAIN. WE CONCLUDE THAT HIGH-RESOLUTION MODELS OF D. PERTUSUM REEF DISTRIBUTION ARE A USEFUL TOOL IN SPATIAL MANAGEMENT. THE POORER PERFORMING P. CARPENTERI MODEL INDICATES AREAS FOR MORE DETAILED STUDY. WHILE LOW-RESOLUTION MODELS CAN PROVIDE CONSERVATIVE ESTIMATES OF PERCENTAGE AREA-BASED CONSERVATION TARGETS FOLLOWING THE PRECAUTIONARY PRINCIPLE, HIGH-RESOLUTION SEA-FLOOR MAPPING SUPPORTS THE DEVELOPMENT OF BETTER-PERFORMING MODELS.",10.3354/meps14098,1.0
Moving Toward A Strategy For Addressing Climate Displacement Of Marine Resources: A Proof-of-concept,"REALISTIC PREDICTIONS OF CLIMATE CHANGE EFFECTS ON NATURAL RESOURCES ARE CENTRAL TO ADAPTATION POLICIES THAT TRY TO REDUCE THESE IMPACTS. HOWEVER, MOST CURRENT FORECASTING APPROACHES DO NOT INCORPORATE SPECIES-SPECIFIC, PROCESS-BASED BIOLOGICAL INFORMATION, WHICH LIMITS THEIR ABILITY TO INFORM ACTIONABLE STRATEGIES. MECHANISTIC APPROACHES, INCORPORATING QUANTITATIVE INFORMATION ON FUNCTIONAL TRAITS, CAN POTENTIALLY PREDICT SPECIES- AND POPULATION-SPECIFIC RESPONSES THAT RESULT FROM THE CUMULATIVE IMPACTS OF SMALL-SCALE PROCESSES ACTING AT THE ORGANISMAL LEVEL, AND CAN BE USED TO INFER POPULATION-LEVEL DYNAMICS AND INFORM NATURAL RESOURCES MANAGEMENT. HERE WE PRESENT A PROOF-OF-CONCEPT STUDY USING THE EUROPEAN ANCHOVY AS A MODEL SPECIES THAT SHOWS HOW A TRAIT-BASED, MECHANISTIC SPECIES DISTRIBUTION MODEL CAN BE USED TO EXPLORE THE VULNERABILITY OF MARINE SPECIES TO ENVIRONMENTAL CHANGES, PRODUCING QUANTITATIVE OUTPUTS USEFUL FOR INFORMING FISHERIES MANAGEMENT. WE CROSSED SCENARIOS OF TEMPERATURE AND FOOD TO GENERATE QUANTITATIVE MAPS OF SELECTED MECHANISTIC MODEL OUTCOMES (E.G., MAXIMUM LENGTH AND TOTAL REPRODUCTIVE OUTPUT). THESE RESULTS HIGHLIGHT CHANGING PATTERNS OF SOURCE AND SINK SPAWNING AREAS AS WELL AS THE INCIDENCE OF REPRODUCTIVE FAILURE. THIS STUDY DEMONSTRATES THAT MODEL PREDICTIONS BASED ON FUNCTIONAL TRAITS CAN REDUCE THE DEGREE OF UNCERTAINTY WHEN FORECASTING FUTURE TRENDS OF FISH STOCKS. HOWEVER, TO BE EFFECTIVE THEY MUST BE BASED ON HIGH SPATIAL- AND TEMPORAL RESOLUTION ENVIRONMENTAL DATA. SUCH A SENSITIVE AND SPATIALLY EXPLICIT PREDICTIVE APPROACH MAY BE USED TO INFORM MORE EFFECTIVE ADAPTIVE MANAGEMENT STRATEGIES OF RESOURCES IN NOVEL CLIMATIC CONDITIONS.",10.3389/fmars.2020.00408,1.0
"Niche Modelling Of The Potential Distribution Of The Egyptian Vulture Neophron Percnopterus During Summer And Winter In Iran, To Identify Gaps In Protected Area Coverage","AN ANALYSIS OF THE EXTENT OF OVERLAP BETWEEN HABITATS OF THE EGYPTIAN VULTURE NEOPHRON PERCNOPTERUS DURING SUMMER AND WINTER IN IRAN, AND IRANIAN PROTECTED AREAS, DISCOVERED SLIGHT OVERLAP BETWEEN THE TWO. OUR STUDY AIMED TO SURVEY SUITABLE HABITATS OF THE EGYPTIAN VULTURE DURING SUMMER AND WINTER IN IRAN USING MAXENT, A SPECIES DISTRIBUTION MODELLING METHOD, AND COMPARE THE RESULTS WITH THE LOCATIONS AND SPAN OF PROTECTED AREAS. MODEL FITNESS WAS ASSESSED USING THE AREA UNDER THE ROC-PLOT AND TRUE SKILL STATISTICS. WE FOUND THAT HABITAT SUITABILITY IN IRAN VARIES FOR THE EGYPTIAN VULTURE DURING SUMMER AND WINTER. SUMMER VISITORS ARE SCATTERED IN THE NORTH AND WEST OF IRAN, CONCENTRATED ALONG THE ZAGROS AND ALBORZ MOUNTAIN RANGES. WINTER VISITORS AND RESIDENTS ARE SCATTERED IN COASTAL AREAS IN THE SOUTH. HABITAT PROTECTION FOR WINTER VISITORS WAS THE GREATEST, WITH 10% OF SUITABLE HABITAT COVERED, WHILE LESS THAN 10% OF SUITABLE HABITAT FOR RESIDENTS AND SUMMER VISITORS FELL WITHIN PROTECTED AREAS. THE EGYPTIAN VULTURE IS CATEGORISED AS 'ENDANGERED' ON THE IUCN RED LIST. DIFFERENT ENVIRONMENTAL FACTORS INFLUENCE THE SUITABILITY OF HABITAT FOR THE SPECIES. WHILE SOME FACTORS SUCH AS NDVI AND ANTHROPOGENIC DISTURBANCE INFLUENCE ALL VISITORS IN A SIMILAR WAY, THE EFFECTS OF OTHERS SUCH AS ELEVATION AND DISTANCE FROM PROTECTED AREAS VARY FOR SUMMER AND WINTER VISITORS. SINCE DESIGNATION OF PROTECTED AREAS IN IRAN IS MAINLY DETERMINED BY THE DISTRIBUTION OF MAMMAL SPECIES, PROTECTION OF BIRD HABITATS IS OFTEN OVERLOOKED. SUITABLE HABITAT FOR THE SPECIES SHOULD BE CONSIDERED WHEN SELECTING PROTECTED AREAS IN FUTURE.",10.1017/S0959270918000278,0.0
Designing Mpas For Food Security In Open-access Fisheries,"FOOD SECURITY REMAINS A PRINCIPAL CHALLENGE IN THE DEVELOPING TROPICS WHERE COMMUNITIES RELY HEAVILY ON MARINE-BASED PROTEIN. WHILE SOME IMPROVEMENTS IN FISHERIES MANAGEMENT HAVE BEEN MADE IN THESE REGIONS, A LARGE FRACTION OF COASTAL FISHERIES REMAIN UNMANAGED, MISMANAGED, OR USE ONLY CRUDE INPUT CONTROLS. THESE QUASI-OPEN-ACCESS CONDITIONS OFTEN LEAD TO SEVERE OVERFISHING, DEPLETED STOCKS, AND COMPROMISED FOOD SECURITY. A POSSIBLE FISHERY MANAGEMENT APPROACH IN THESE INSTITUTION-POOR SETTINGS IS TO IMPLEMENT FULLY PROTECTED MARINE PROTECTED AREAS (MPAS). ALTHOUGH THE PRIMARY PUSH FOR MPAS HAS BEEN TO SOLVE THE CONSERVATION PROBLEMS THAT ARISE FROM MISMANAGEMENT, MPAS CAN ALSO BENEFIT FISHERIES BEYOND THEIR BORDERS. THE LITERATURE HAS NOT COMPLETELY CHARACTERIZED HOW TO DESIGN MPAS UNDER DIVERSE ECOLOGICAL AND ECONOMIC CONDITIONS WHEN FOOD SECURITY IS THE OBJECTIVE. WE INTEGRATED FOUR KEY BIOLOGICAL AND ECONOMIC VARIABLES (I.E., FISH POPULATION GROWTH RATE, FISH MOBILITY, FISH PRICE, AND FISHING COST) AS WELL AS AN IMPORTANT ASPECT OF RESERVE DESIGN (MPA SIZE) INTO A GENERAL MODEL AND DETERMINED THEIR COMBINED INFLUENCE ON FOOD SECURITY WHEN MPAS ARE IMPLEMENTED IN AN OPEN-ACCESS SETTING. WE EXPLICITLY MODELED OPEN-ACCESS CONDITIONS THAT ACCOUNT FOR THE BEHAVIORAL RESPONSE OF FISHERS TO THE MPA; THIS APPROACH IS DISTINCT FROM MUCH OF THE LITERATURE THAT FOCUSES ON ASSUMPTIONS OF ""SCORCHED EARTH"" (I.E., SEVERE OVER-FISHING), OPTIMIZED MANAGEMENT, OR AN ARBITRARILY DEFINED FISHING MORTALITY OUTSIDE THE MPA'S BOUNDARIES. WE FOUND THAT THE MPA SIZE THAT OPTIMIZES CATCH DEPENDS STRONGLY ON ECONOMIC VARIABLES. LARGE MPAS OPTIMIZE CATCH FOR SPECIES HEAVILY HARVESTED FOR THEIR HIGH VALUE AND/OR LOW HARVESTING COST, WHILE SMALL MPAS OR NO CLOSURE ARE BEST FOR SPECIES LIGHTLY HARVESTED FOR THEIR LOW VALUE AND HIGH HARVESTING COST. CONTRARY TO PREVIOUS THEORETICAL EXPECTATIONS, BOTH HIGH AND LOW MOBILITY SPECIES ARE EXPECTED TO EXPERIENCE CONSERVATION BENEFITS FROM PROTECTION, ALTHOUGH, AS SHOWN PREVIOUSLY, GREATER CONSERVATION BENEFITS ARE EXPECTED FOR LOW MOBILITY SPECIES. FOOD SECURITY BENEFITS FROM MPAS CAN BE OBTAINED FROM SPECIES OF ANY MOBILITY. RESULTS DELIVER BOTH QUALITATIVE INSIGHTS AND QUANTITATIVE GUIDANCE FOR DESIGNING MPAS FOR FOOD SECURITY IN OPEN-ACCESS FISHERIES.",10.1038/s41598-019-44406-w,1.0
How Parameter Specification Of An Earth System Model Of Intermediate Complexity Influences Its Climate Simulations,"EARTH SYSTEM MODELS (ESMS) CONSIST OF PARAMETERIZATION SCHEMES BASED ON ONE'S PERCEPTION OF HOW THE EARTH SYSTEM FUNCTIONS. A TYPICAL ESM CONTAINS A LARGE NUMBER OF PARAMETERS (I.E., THE CONSTANTS AND EXPONENTS IN THE PARAMETERIZATION SCHEMES) WHOSE SPECIFICATION CAN HAVE A SIGNIFICANT IMPACT ON AN ESM'S SIMULATION CAPABILITIES. SENSITIVITY ANALYSES (SA) IS AN IMPORTANT TOOL FOR ASSESSING HOW PARAMETER SPECIFICATION INFLUENCES MODEL SIMULATIONS. IN THIS STUDY, WE USED AN EARTH SYSTEM MODEL OF INTERMEDIATE COMPLEXITY (EMIC)LOVECLIM AS AN EXAMPLE TO ILLUSTRATE HOW SA METHODS CAN BE USED TO IDENTIFY THE MOST SENSITIVE PARAMETERS THAT CONTROL THE SIMULATIONS OF SEVERAL KEY GLOBAL WATER AND ENERGY CYCLE VARIABLES, INCLUDING GLOBAL ANNUAL MEAN ABSOLUTE SURFACE AIR TEMPERATURE (T-G), PRECIPITATION AND EVAPORATION OVER THE LAND AND OVER THE OCEANS (P-L, P-O, E-L, E-O), AND LAND RUNOFF (R-L). WE ALSO DEMONSTRATE HOW JUDICIOUSLY SPECIFYING MODEL PARAMETERS CAN IMPROVE THE SIMULATIONS OF THOSE VARIABLES. THREE SA METHODS MARS, RF, AND SPARSE PCE-BASED SOBOL' METHOD WERE USED TO EVALUATE A POOL OF 25 ADJUSTABLE PARAMETERS CHOSEN FROM LAND, ATMOSPHERE, AND OCEAN COMPONENTS OF LOVECLIM AND THEIR RESULTS WERE INTERCOMPARED TO ENSURE ROBUSTNESS OF THE RESULTS. IT IS FOUND THAT WITH DIFFERENT PARAMETER SPECIFICATION, T-G CAN VARY FROM 10 TO 20 DEGREES C, AND THE VALUES OF P-L, P-O, E-L, AND E-O CAN CHANGE BY MORE THAN 100%. AN INTERESTING OBSERVATION IS THAT THE VALUE OF R-L VARY FROM 13,000 TO 35,000KM(3), FAR BELOW THE OBSERVED CLIMATOLOGICAL VALUE OF 40,000KM(3), INDICATING A MODEL STRUCTURAL DEFICIENCY IN REPRESENTING LAND RUNOFF BY LOVECLIM WHICH MUST BE CORRECTED TO OBTAIN MORE REASONABLE GLOBAL WATER BUDGETS. WE ALSO NOTE THAT PARAMETER SENSITIVITIES ARE SIGNIFICANTLY DIFFERENT AT DIFFERENT LATITUDES. FINALLY, WE SHOWED THAT GLOBAL WATER AND ENERGY CYCLE SIMULATIONS CAN BE SIGNIFICANTLY IMPROVED BY EVEN A CRUDE AUTOMATIC PARAMETER TUNING, INDICATING THAT PARAMETER OPTIMIZATION CAN BE A VIABLE WAY TO IMPROVE ESM CLIMATE SIMULATIONS. THE RESULTS FROM THIS STUDY SHOULD HELP US TO UNDERSTAND THE PARAMETER UNCERTAINTY OF A FULL-SCALE ESM.",10.1186/s40645-019-0294-x,0.0
Reducing The Risk Of Fishery Resource Disasters: A Bioeconomic Approach To Sustainable Resource Management,"RECOGNITION IS GROWING THAT FISHERIES MUST BE BOTH ECOLOGICALLY AND COMMERCIALLY SUSTAINABLE. THE BIOECONOMIC MODELS PROPOSED HEREIN CONSTITUTE AN ANALYTIC FRAMEWORK CAPABLE OF INTEGRATING THE ETHICS AND SOCIETAL VALUES ASSOCIATED WITH FISHERIES PRESERVATION. SPECIFICALLY, WE FOCUS ON THE NORMALIZED OPTIMAL (EQUILIBRIUM) FISH POPULATION, Z*, A DIMENSIONLESS VARIABLE REPRESENTING BIOMASS AS A PROPORTION OF ENVIRONMENTAL CAPACITY. WE MODEL Z* AS A FUNCTION OF (A) THE DIMENSIONLESS ""BIONOMIC GROWTH RATIO"", GAMMA, WHICH IS THE RATIO OF THE DISCOUNT RATE TO THE INTRINSIC POPULATION GROWTH RATE, AND (B) THE PRESERVATION COEFFICIENT, Q, WHICH IS THE RATIO OF THE PRESERVATION VALUE (A MEASURE OF SOCIETY'S VALUE FOR THE STOCK) TO PRICE, ASSUMING THAT THE POPULATION GROWTH RATE AND INTRINSIC GROWTH RATE ARE FIXED. IT IS SHOWN THAT INCREASING Q SIGNIFICANTLY IMPACTS Z*, PARTICULARLY FOR MODERATE VALUES OF GAMMA (2 <= GAMMA <= 4). FINALLY, STOCHASTIC POPULATION MODELS ARE USED TO ANALYZE THE RISK OF A FISH STOCK COLLAPSE DUE TO HARVESTING PRESSURES. THE BIOECONOMIC MODELS AND SIMULATIONS HEREIN DESCRIBED IMPROVE THE ACCURACY AND RELIABILITY OF MAXIMUM SUSTAINABLE YIELD MANAGEMENT.",10.1111/j.1752-1688.2006.tb06013.x,1.0
A Proposed Biogeography Of The Deep Ocean Floor,"WHILE THERE ARE MANY GENERALIZED SCHEMES REPRESENTING THE BIOGEOGRAPHIC DISTRIBUTION OF LIFE IN THE DEEP SEA, REVIEWED HERE, A COMPREHENSIVE ANALYSIS HAS NOT BEEN UNDERTAKEN SINCE VINOGRADOVA (1979, 1997) FOR THE ABYSSAL AND BELYAEV (1989) FOR THE HADAL. THE PURPOSE OF THIS PAPER IS TO PROPOSE GLOBAL BIOGEOGRAPHIC PROVINCES FOR THE LOWER BATHYAL AND ABYSSAL BENTHOS (>800 M DEPTHS) IN ORDER TO AID HIGH SEAS MANAGEMENT EFFORTS. BIOLOGICAL SAMPLES FROM THESE DEPTHS ARE SPARSE SO DELINEATION OF BIOGEOGRAPHIC PROVINCES WAS INITIALLY HYPOTHESIZED USING OCEANOGRAPHIC PROXIES, AND EXAMINED WITH DOCUMENTED LOCATIONS OF SELECT BENTHIC MARINE SPECIES. THESE BIOGEOGRAPHIC PROVINCES WERE FIRST DEVELOPED IN 2009 VIA AN EXPERT CONSULTATION WORKSHOP TO DELINEATE BIOGEOGRAPHIC PROVINCES IN OFFSHORE REGIONS - THE GLOBAL OPEN OCEAN AND DEEP SEA (GOODS) CLASSIFICATION. WE HAVE REFINED THE GOODS DEEP-SEA CLASSIFICATION BY INCORPORATING ADDITIONAL HIGH-RESOLUTION HYDROGRAPHIC AND ORGANIC-MATTER FLUX DATA FOR THE SEAFLOOR. WATER MASS CHARACTERISTICS (TEMPERATURE AND SALINITY) AND PARTICULATE ORGANIC FLUX TO THE SEAFLOOR WERE THE STRONGEST DETERMINANTS IN THE FINAL DELINEATION OF PROVINCIAL BOUNDARIES. THIS PROCESS RESULTED IN THE DELINEATION OF 14 LOWER BATHYAL AND 14 ABYSSAL PROVINCES. THE BATHYAL AND ABYSSAL CLASSIFICATIONS PRESENTED HERE SHOULD BE USED WITH OTHER MANAGEMENT TOOLS AND ANALYSES (E.G., PREDICTIVE HABITAT MODELING, SEAMOUNT CLASSIFICATIONS, ETC.) TO HELP DETERMINE WHERE MARINE PROTECTED AREAS SHOULD BE PLACED AND TO MINIMIZE THE NEGATIVE IMPACTS OF COMMERCIAL ACTIVITIES IN THE HIGH SEAS. (C) 2012 ELSEVIER LTD. ALL RIGHTS RESERVED.",10.1016/j.pocean.2012.11.003,0.0
Economic Value Of Ecological Information In Ecosystem Based Natural Resource Management Depends On Exploitation History,"ECOSYSTEM APPROACHES TO NATURAL RESOURCE MANAGEMENT ARE SEEN AS A WAY TO PROVIDE BETTER OUTCOMES FOR ECOSYSTEMS AND FOR PEOPLE, YET THE NATURE AND STRENGTH OF INTERACTIONS AMONG ECOSYSTEM COMPONENTS IS USUALLY UNKNOWN. HERE WE CHARACTERIZE THE ECONOMIC BENEFITS OF ECOLOGICAL KNOWLEDGE THROUGH A SIMPLE MODEL OF FISHERIES THAT TARGET A PREDATOR (PISCIVORE) AND ITS PREY. WE SOLVE FOR THE MANAGEMENT (HARVEST) TRAJECTORY THAT MAXIMIZES NET PRESENT VALUE (NPV) FOR DIFFERENT ECOLOGICAL INTERACTIONS AND INITIAL CONDITIONS THAT REPRESENT DIFFERENT LEVELS OF EXPLOITATION HISTORY. OPTIMAL MANAGEMENT TRAJECTORIES GENERALLY APPROACHED SIMILAR HARVEST LEVELS, BUT THE PATHWAYS TOWARD THOSE LEVELS VARIED CONSIDERABLY BY ECOLOGICAL SCENARIO. APPLICATION OF THE WRONG HARVEST TRAJECTORY, WHICH WOULD HAPPEN IF ONE TYPE OF ECOLOGICAL INTERACTION WERE ASSUMED BUT IN FACT ANOTHER WERE OCCURRING, GENERALLY LED TO ONLY MODEST REDUCTIONS IN NPV. HOWEVER, THE RISKS WERE NOT EQUAL ACROSS FLEETS: RISKS OF INCURRING LARGE LOSSES OF NPV AND MISSING MANAGEMENT TARGETS WERE MUCH HIGHER IN THE FISHERY TARGETING PISCIVORES, ESPECIALLY WHEN PISCIVORES WERE HEAVILY DEPLETED. OUR FINDINGS SUGGEST THAT THE ECOSYSTEM APPROACH MIGHT PROVIDE THE GREATEST BENEFITS WHEN USED TO IDENTIFY SYSTEM STATES WHERE MANAGEMENT PERFORMS POORLY WITH IMPERFECT KNOWLEDGE OF SYSTEM LINKAGES SO THAT MANAGEMENT STRATEGIES CAN BE ADOPTED TO AVOID THOSE STATES.",10.1073/pnas.1716858115,1.0
Acclimation By Diverse Phytoplankton Species Determines Oceanic Carbon To Nitrogen Ratios,"THE CARBON TO NITROGEN (CN) RATIO OF PHYTOPLANKTON CONNECTS THE CARBON AND NITROGEN CYCLES IN THE OCEAN. ANY VARIATION IN THIS RATIO UNDER CLIMATE CHANGE WILL ALTER THE AMOUNT OF CARBON FIXED BY PHOTOSYNTHESIS, AND ULTIMATELY THE AMOUNT SEQUESTERED IN THE OCEAN. HOWEVER, A CONSISTENT MECHANISTIC EXPLANATION REMAINS LACKING FOR OBSERVED SPECIES-SPECIFIC VARIATIONS IN PHYTOPLANKTON CN RATIOS. WE SHOW THAT ACCLIMATION TO AMBIENT ENVIRONMENTAL CONDITIONS EXPLAINS THE OBSERVED VARIATION OF PHYTOPLANKTON CN RATIOS BY INCORPORATING PHYTOPLANKTON ACCLIMATION THEORY BASED ON A RESOURCE ALLOCATION TRADE-OFF BETWEEN CARBON VS. NITROGEN ACQUISITION CAPACITY INTO A THREE-DIMENSIONAL MARINE ECOSYSTEM MODEL. INTER-SPECIFIC DIFFERENCES IN CN RATIO AND ITS SENSITIVITY ARE CAUSED BY INTER-SPECIFIC DIFFERENCES IN DROOP'S MINIMUM NITROGEN CELL QUOTA. OUR MODEL, CONSTRAINED BY OBSERVED PHYTOPLANKTON PARAMETERS, SHOWS THAT THE GLOBAL MEAN PHYTOPLANKTON CN RATIO IS GREATER THAN THE CANONICAL REDFIELD RATIO, AS SUGGESTED PREVIOUSLY BASED ON REGIONAL IN SITU OBSERVATIONS.",10.1002/lol2.10304,0.0
"Herring And The ""exxon Valdez"" Oil Spill: An Investigation Into Historical Data Conflicts","IT WAS GENERALLY BELIEVED THAT THE 1989 ""EXXON VALDEZ"" OIL SPILL DID NOT CAUSE THE COLLAPSE OF THE PRINCE WILLIAM SOUND PACIFIC HERRING (CLUPEA PALLASI) POPULATION BECAUSE OF A 4-YEAR GAP BETWEEN THE SPILL AND THE COLLAPSE. HOWEVER, WE NOTED IN A PREVIOUS PAPER THAT SOME DATA SUGGESTED AN EARLIER TIMING FOR THE HERRING DECLINE. WE EXAMINE HISTORICAL PATTERNS OF HERRING SPAWN, ANOMALIES IN HISTORICAL FISHERIES MODEL PREDICTIONS, CHANGES IN PREDATION BEHAVIOUR OF STELLER SEA LIONS (EUMETOPIAS JUBATUS), AND A DECADAL DATABASE OF ACOUSTIC MEASUREMENTS OF HERRING BIOMASS. BEHAVIOUR OF ADULT HERRING MAKES THEM ESPECIALLY VULNERABLE TO DAMAGE FROM OIL SPILLS, SOMETHING THAT WAS EITHER UNKNOWN OR MISUNDERSTOOD AT THE TIME OF THE SPILL. WE THEREFORE ARGUE THAT THE START OF THE HERRING DECLINE WAS COINCIDENT WITH THE OIL SPILL, AND THAT THE DECLINE TOOK PLACE OVER A 5-YEAR PERIOD, RATHER THAN THE SINGLE-YEAR COLLAPSE PREVIOUSLY REPORTED. ALTHOUGH A COMPREHENSIVE MANAGEMENT APPROACH IS NOW IN USE FOR HERRING, THE TOOLS WERE NOT IN PLACE AT THE TIME OF THE OIL SPILL OR THE SUBSEQUENT COLLAPSE.",10.1093/icesjms/fsm176,0.0
The Trophic Role Of The Endangered Caribbean Manatee Trichechus Manatus In An Estuary With Low Abundance Of Seagrass,"CHETUMAL BAY IS A REFUGE FOR THE MANATEE, TRICHECHUS MANATUS, A LARGE AND STRICTLY HERBIVOROUS AQUATIC MAMMAL. THE ECOSYSTEM IS NOTORIOUSLY POOR IN SUBAQUATIC VEGETATION, THE MAIN COMPONENTS OF MANATEES' DIET. DUE TO THE CONSTANT PRESENCE OF MANATEES IN THE BAY AND THEIR ABILITY TO CONSUME LARGE VOLUMES OF PLANT MATERIAL, IT IS ASSUMED THAT THE SPECIES HAS A RELEVANT TROPHIC IMPACT ON THE SYSTEM. A MASS-BALANCE TROPHIC MODEL WAS DESIGNED TO DESCRIBE THE FLOWS OF ENERGY AND MATTER IN THE BAY, WITH THE GOAL OF ASSESSING THE ROLE OF MANATEES IN THE SYSTEM. THE SYSTEM WAS AGGREGATED IN EIGHT EFFECTIVE TROPHIC LEVELS. THE BIOMASS WAS INTENSELY CONCENTRATED IN THE DETRITUS, SUGGESTING THAT THE MATTER ON THE BOTTOM SEDIMENT IS THE MAIN REGULATOR OF THE ENERGY FLOW IN THE SYSTEM. PRIMARY PRODUCERS COMPRISED OF DETRITUS, MANGROVE, BENTHIC AUTOTROPHS, AND PHYTOPLANKTON. THE APEX PREDATORS WERE DOLPHINS AND LARGE PISCIVOROUS FISHES. MANATEES OCCUPIED THE TROPHIC LEVEL 2.0. MANATEES WERE DIRECTLY OR INDIRECTLY IMPACTED BY AUTOTROPHS, MANGROVE, AND DETRITUS; BUT THE COMPETITION BETWEEN MANATEES AND OTHER GROUPS WAS INSIGNIFICANT. IN COMPARISON TO OTHER ECOSYSTEMS WHERE MANATEES OCCUR, CHETUMAL BAY (BCH) HAS THE LOWEST RELATIVE BIOMASS OF SEAGRASSES. SEVERAL ECOLOGICAL AND BEHAVIORAL MECHANISMS TO COMPENSATE THE LACK OF MACROPHYTES BIOMASS (OR A COMBINATION OF SEVERAL) ARE SUGGESTED. ECOPATH WITH ECOSIM MODELS ARE USEFUL TO DESCRIBE THE FLOW OF ENERGY AND MATTER IN THE ECOSYSTEMS. HOWEVER, THERE ARE STILL CRITICAL GAPS IN THE KNOWLEDGE OF BCH AND ITS MANATEE POPULATION. IT IS DIFFICULT TO ASSESS THE UNCERTAINTY ASSOCIATED WITH THE ESTIMATES OBTAINED; THEREFORE, RESULTS SHOULD BE INTERPRETED WITH CAUTION. IMPROVING THIS PRELIMINARY MODEL WITH ROBUST LOCAL INFORMATION ON THE CHETUMAL BAY ECOLOGY AND ITS MANATEE POPULATION IS RECOMMENDED.",10.1007/s12237-011-9420-8,0.0
Introduction To The Red Sea,"THE RED SEA, CHARACTERIZED BY A NUMBER OF UNIQUE OCEANOGRAPHIC AND BIOLOGICAL FEATURES, IS A HOTSPOT FOR CORAL REEF ECOLOGY. IT ALSO PROVIDED HUMANS FOR MILLENNIA, FROM THE EARLIEST RECORD OF HUMAN CONSUMPTION OF SEAFOOD TO ITS CURRENT ROLE AS AN IMPORTANT FISHING GROUND FOR THE SEVEN COUNTRIES ALONG ITS SHORES. CONTEMPORARY FISHERIES NEED MONITORING AND MANAGEMENT, AND CATCH DATA ARE CRUCIAL TO BOTH. HOWEVER, RELIABLE TIME-SERIES OF CATCH DATA ARE LACKING FOR MOST RED SEA FISHERIES. HERE, THE CATCHES OF RED SEA FISHERIES ARE 'RECONSTRUCTED' FROM 1950 TO 2010 BY COUNTRY (I.E., EGYPT, SUDAN, ERITREA, YEMEN, SAUDI ARABIA, JORDAN AND ISRAEL) AND SECTOR (ARTISANAL, SUBSISTENCE, INDUSTRIAL AND RECREATIONAL), AND IN TERMS OF THEIR SPECIES COMPOSITION. HISTORICAL DOCUMENTS, PUBLISHED AND UNPUBLISHED REPORTS AND OTHER GREY LITERATURE, DATABASES, FIELD SURVEYS, ANECDOTAL INFORMATION, INTERVIEWS, AND INFORMATION ON PROCESSED SEAFOOD PRODUCTS WERE USED AS SOURCES. WHEN RELIABLE DATA WERE AVAILABLE FOR A NUMBER OF YEARS, THEY WERE USED AS ANCHOR POINTS, AND MISSING YEARS WERE INTERPOLATED, BASED ON ASSUMPTIONS OF CONTINUITY, AND GIVEN THE BEST KNOWLEDGE OF THE FISHERIES AVAILABLE. THE RECONSTRUCTED CATCHES (WHICH ALSO INCLUDE DISCARDS) WERE COMPARED TO THE STATISTICS SUBMITTED BY THE ABOVE-MENTIONED COUNTRIES TO THE FOOD AND AGRICULTURAL ORGANIZATION (FAO) OF THE UNITED NATIONS. OVERALL, THE TOTAL RED SEA CATCH WAS LOW (AROUND 50,000 T.YEAR(-1)) UNTIL 1960, INCREASED TO A PEAK (AROUND 177,000 T) IN 1993, AND IS DECLINING SINCE. OVERALL, IT WAS 1.5 TIMES HIGHER THAN THE CATCH OFFICIALLY SUBMITTED TO FAO BY THE COUNTRIES BORDERING THE RED SEA. ARTISANAL FISHERIES GENERALLY CONTRIBUTED ABOUT HALF OF THE TOTAL RED SEA CATCH, WHILE THE COMPOSITION OF THE CATCH WAS EXTREMELY VARIED, WITH NO SINGLE SPECIES OR EVEN FAMILY DOMINATING. IN ADDITION TO THE NATIONAL CATCH RECONSTRUCTIONS, THE LOCAL (ARABIC) NAMES OF COMMON COMMERCIAL FISHES, AN ECOSYSTEM MODEL AND A TIME SERIES OF THE EFFORT ARE ALSO PRESENTED. THE RESULTING CATCH TRENDS PROVIDE CRUCIAL HISTORICAL RECORDS AND IMPORTANT GUIDANCE FOR THE DEVELOPMENT OF FUTURE FISHERIES MANAGEMENT POLICIES AIMING AT RESOURCE CONSERVATION AND SUSTAINING THE LIVELIHOODS OF THE COASTAL COMMUNITIES. EXTRA MATERIAL FOR THIS CHAPTER IS AVAILABLE FROM HTTP://EXTRAS.SPRINGER.COM/",10.1007/978-94-017-7435-2_1,1.0
Beyond Big Fish: The Case For More Detailed Representations Of Top Predators In Marine Ecosystem Models,"SEABIRDS AND MARINE MAMMALS ARE GENERALLY NOT WELL REPRESENTED IN MARINE ECOSYSTEM MODELS, DESPITE THE IMPORTANT ROLES THAT THESE GROUPS PLAY IN DETERMINING ECOSYSTEM DYNAMICS. THIS IS AN IMPORTANT GAP IN MODEL DEVELOPMENT, PARTICULARLY FOR END-TO-END ECOSYSTEM MODELS, WHICH ARE BECOMING INCREASINGLY IMPORTANT TOOLS FOR FISHERIES AND ECOSYSTEM BASED MANAGEMENT AND ASSESSMENT. EXAMINATION OF LARGE-SCALE AND WIDELY-APPLIED PELAGIC END-TO-END ECOSYSTEM MODELS INDICATES THAT REPRESENTATIONS OF PREDATORS ARE CURRENTLY BEST DEVELOPED FOR FISH GROUPS. THE METHODS FOR MODELLING SEABIRDS AND MARINE MAMMALS ON THE OTHER HAND, ARE LESS WELL DEVELOPED. THIS IS POTENTIALLY DUE TO THE CHALLENGES INVOLVED IN DATA COLLECTION AND IN REPRESENTING THE COMPLEX LIFE HISTORIES OF MANY OF THESE SPECIES. TO EXAMINE THE EFFECT THAT DIFFERENT REPRESENTATIONS OF HIGHER TROPHIC LEVEL PREDATORS MIGHT HAVE ON ECOSYSTEM MODEL PREDICTIONS, WE DEVELOPED A SET OF SIMPLE NESTED QUALITATIVE NETWORK MODELS AND EXAMINED THEIR RESPONSES TO PERTURBATIONS. RESPONSES DIFFERED BETWEEN MODELS ACROSS A RANGE OF TROPHIC LEVELS UNDER A SIMPLE SCENARIO FOR ENVIRONMENTAL CHANGE, HIGHLIGHTING THAT HOW PREDATORS ARE MODELLED CAN HAVE IMPLICATIONS FOR ECOSYSTEM-LEVEL PREDICTIONS. WE CONCLUDE WITH A DISCUSSION AROUND POTENTIAL APPROACHES FOR DEVELOPING MORE DETAILED REPRESENTATIONS OF PREDATOR GROUPS, AND SUGGEST INCORPORATING DYNAMIC ENERGY BUDGET THEORY IN INDIVIDUAL-BASED MODELS TO REPRESENT HIGHER TROPHIC LEVEL PREDATORS WITH MORE COMPLEX LIFE HISTORIES. (C) 2017 ELSEVIER B.V. ALL RIGHTS RESERVED.",10.1016/j.ecolmodel.2017.04.004,1.0
Anthropogenic Barriers Limit Fish Access To Essential Habitats In The Amazon In The Face Of Climate Change,"BARRIERS REPRESENT ONE OF THE GREATEST THREATS TO RIVER INTEGRITY AND FRESHWATER FISH, AS THEY FRAGMENT HABITATS AND IMPAIR SPECIES DISPERSAL, PARTICULARLY IN A SCENARIO OF CLIMATE CHANGE. IN THIS CONTEXT, WE APPLIED A NOVEL FRAMEWORK THAT COMBINED PREDICTIONS OF SPECIES DISTRIBUTION MODELS WITH A RIVER CONNECTIVITY INDEX TO IDENTIFY ACCESSIBLE AND CLIMATIC-ENVIRONMENTAL SUITABLE HABITATS FOR FRUGIVOROUS AND SOCIOECONOMICALLY IMPORTANT FISH IN THE AMAZON BASIN. WE ALSO RANKED DAMS BASED ON THEIR POTENTIAL FOR RIVER FRAGMENTATION AND BLOCKING ACCESS TO CLIMATE REFUGE FOR FISH SPECIES THAT PROVIDE ESSENTIAL ECOSYSTEM FUNCTIONS AND SERVICES IN THE AMAZON. OUR RESULTS REVEALED THAT THERE ARE STILL EXTENSIVE AREAS THAT REMAIN BOTH CONNECTED AND CLIMATIC-ENVIRONMENTALLY SUITABLE ALONG THE AMAZON-SOLIM & OTILDE;ES RIVERS, ACTING AS CORE AREAS FOR FISH DISPERSAL AND TRACKING SUITABLE HABITATS. HOWEVER, THE PLANNED EXPANSION OF HYDROPOWER INFRASTRUCTURE COMBINED WITH CLIMATE CHANGE CAN LEAD TO A CONTRACTION OF AREAS THAT WILL REMAIN SIMULTANEOUSLY CLIMATIC-ENVIRONMENTAL SUITABLE AND CONNECTED. BY IDENTIFYING AND RANKING THE MOST IMPACTFUL BARRIERS, OUR RESULTS CAN PROVIDE INNOVATIVE AND APPLICABLE INFORMATION FOR SUSTAINABLE ENERGY PLANNING DECISIONS IN THE AMAZON. THESE RESULTS CAN INFORM POLICIES AND CONSERVATION ACTIONS AIMED AT PRESERVING RIVER CONNECTIVITY, BIODIVERSITY, AND ECOSYSTEM SERVICES UNDER RAPIDLY CHANGING CONDITIONS.",10.1111/gcb.70685,0.0
A Framework For Simulating Ecosystem Effects In Data-poor Small-scale Fisheries Using Science-based And Local Ecological Knowledge-based Models,"THE CONSTANT DEMAND FOR SEAFOOD PRODUCTS AND THE UNDENIABLE EFFECTS OF FISHING ON MARINE ECOSYSTEMS MAKE IT URGENT TO IMPLEMENT AN ECOSYSTEM APPROACH, EVEN IN DATA-POOR SCENARIOS SUCH AS SMALL-SCALE FISHERIES. UNDERSTANDING THE IMPACTS OF FISHING IS ESSENTIAL FOR PROMOTING MANAGEMENT STRATEGIES THAT PREVENT IRREVERSIBLE DAMAGE TO MARINE ECOSYSTEMS. THUS, ECOSYSTEM QUANTITATIVE SCIENCE-BASED MODELS HAVE BEEN FREQUENTLY USED TO EVALUATE THE EFFECTS OF FISHING, ALTHOUGH FISHERS' LOCAL ECOLOGICAL KNOWLEDGE (LEK) CAN AID THE IMPLEMENTATION OF QUALITATIVE MODELS, PARTICULARLY IN DATA-POOR CONDITIONS. HERE, WE PRESENT A FRAMEWORK FOR SIMULATING AND ASSESSING THE EFFECTS OF FISHING FOLLOWING TWO STRATEGIES: (1) FOR BOTH TYPES OF MODELS, WE SIMULATED SPECIES REMOVAL SCENARIOS, AND (2) FOR QUANTITATIVE SCIENCE-BASED MODELS, WE FITTED TIME SERIES TO DYNAMICALLY ASSESSED IMPACTS. THE IMPACTS WERE ANALYZED THROUGH ECOLOGICAL INDICATORS COMMONLY USED FOR QUANTITATIVE MODELS, AND BECAUSE THESE INDICATORS CANNOT BE EASILY ESTIMATED FOR QUALITATIVE MODELS, WE PROPOSE THE USE OF TOPOLOGICAL INDICATORS IN BOTH TYPES OF MODELS. THE APPROACH WAS APPLIED TO THREE CASE STUDIES OF SMALL-SCALE FINFISH FISHERIES IN NORTHWESTERN MEXICO. WE FOUND THAT THE ECOSYSTEM RESPONSE TO SPECIES REMOVAL WAS DIFFERENT IN EACH CASE STUDY AND THAT THE TARGET SPECIES CAN PLAY AN IMPORTANT ROLE IN ECOSYSTEMS, BUT THEIR REMOVAL DOES NOT GENERATE ABRUPT CHANGES IN THE ECOSYSTEM STRUCTURE. THE QUANTITATIVE SCIENCE-BASED MODELS WERE ABLE TO REPRODUCE THE HISTORICAL CATCH TRENDS, WHICH ALLOWED US TO REVEAL THAT CHANGES IN ECOSYSTEMS ARE INDEED INFLUENCED BY FISHING EFFORT BUT ALSO BY UNDERLYING PRIMARY PRODUCTIVITY. FURTHERMORE, TOPOLOGICAL AND ECOLOGICAL INDICATORS SHOWED SIMILAR TRENDS IN THE QUANTITATIVE MODELS, WHICH SUGGESTS THAT THE FORMER COULD BE USEFUL WHEN DATA-POOR CONDITIONS ALLOW ONLY QUALITATIVE MODELS. THIS RESULT CONFIRMS THE RELEVANCE OF THE PARTICIPATION OF FISHERS IN GENERATING QUALITATIVE MODELS AND THEIR DECISIVE ROLE IN THE DISCUSSION OF CO-MANAGEMENT STRATEGIES AND RISK SCENARIOS IN A BETTER-INFORMED MANNER.",10.3389/fmars.2021.799068,1.0
Ecosystem-based Environmental Flow Assessment In A Greek Regulated River With The Use Of 2d Hydrodynamic Habitat Modelling,"DESPITE THE LONG-TERM RESEARCH ON THE USE OF HYDRAULIC-HYDRODYNAMIC HABITAT MODELS (HHMS) FOR PREDICTING THE RESPONSE OF AQUATIC BIOTA TO HABITAT ALTERATION, THEIR PRACTICAL APPLICATION IN MODEL-BASED ENVIRONMENTAL FLOW ASSESSMENTS (EFAS) HAS BEEN LIMITED DUE TO REASONS MAINLY ASSOCIATED WITH COST-EFFECTIVENESS, TIME-EFFICIENCY, REQUIRED EXPERTISE, AND AVAILABILITY OF HYDROECOLOGICAL INFORMATION. IN THIS STUDY, WE DEMONSTRATE A COST-EFFECTIVE AND TIME-EFFICIENT APPLICATION OF A BENTHIC-INVERTEBRATE, TWO-DIMENSIONAL, FUZZY RULE-BASED EFA IN A 277-M LONG REACH IN THE DOWNSTREAM ROUTE OF A REGULATED RIVER IN WESTERN GREECE. APART FROM DEVELOPING ECOSYSTEM-BASED ENVIRONMENTAL FLOW (EFLOW) SCENARIOS, WE HIGHLIGHT THE VALUABLE FEATURES OF HHMS, COMMENT ON THEIR DISADVANTAGES, AND PROPOSE WORKING SOLUTIONS TO OVERCOME THEM. THE RESULTS OF THE STUDY SHOW THAT THE HYDROLOGY-BASED EFLOW OF 0.2M(3)/S, INITIALLY PROPOSED BY THE MANAGING AUTHORITIES, IS NOT SUFFICIENT TO ENSURE THE LONG-TERM FUNCTIONALITY OF THE DOWNSTREAM BENTHIC COMMUNITIES, AS THE ECOSYSTEM-BASED EFLOW RANGED BETWEEN 0.6 AND 2M(3)/S. AS SOCIAL RESILIENCE RELIES HEAVILY ON ECOLOGICAL RESILIENCE, ECOSYSTEM-BASED APPROACHES CAN ENSURE THE SUSTAINABILITY OF AQUATIC ECOSYSTEMS. THIS STUDY DEMONSTRATES, INTER ALIA, THAT HHMS-BASED EFAS CAN BE IMPLEMENTED COST-EFFECTIVELY AND TIME-EFFICIENTLY TO SERVE AS AN ACCURATE SCIENTIFIC BASIS FOR WATER MANAGERS AND STAKEHOLDERS, IN SEARCH OF THE FINE BALANCE BETWEEN ANTHROPOGENIC WATER DEMAND AND LONG-TERM ECOSYSTEM INTEGRITY AND FUNCTIONALITY.",10.1002/rra.3284,0.0
Climate Variables Are Not The Dominant Predictor Of Arctic Shorebird Distributions,"COMPETING THEORETICAL PERSPECTIVES ABOUT WHETHER OR NOT CLIMATE IS THE DOMINANT FACTOR INFLUENCING SPECIES' DISTRIBUTIONS AT LARGE SPATIAL SCALES HAVE IMPORTANT CONSEQUENCES WHEN HABITAT SUITABILITY MODELS ARE USED TO ADDRESS CONSERVATION PROBLEMS. IN THIS STUDY, WE TESTED HOW MUCH VARIABLES IN ADDITION TO CLIMATE HELP TO EXPLAIN HABITAT SUITABILITY FOR ARCTIC-BREEDING SHOREBIRDS. TO DO THIS WE MODEL SPECIES OCCUPANCY USING PATH ANALYSES, WHICH ALLOW US TO ESTIMATE THE INDIRECT EFFECTS OF CLIMATE ON OTHER PREDICTOR VARIABLES, SUCH AS LAND COVER. WE ALSO USE DEVIANCE PARTITIONING TO QUANTIFY THE TOTAL RELATIVE IMPORTANCE OF CLIMATE VERSUS ADDITIONAL PREDICTORS IN EXPLAINING SPECIES OCCUPANCY. WE FOUND THAT INDIVIDUAL LAND COVER VARIABLES ARE OFTEN STRONGER PREDICTORS THAN THE DIRECT AND INDIRECT EFFECTS OF CLIMATE COMBINED. IN MODELS WITH BOTH CLIMATE AND ADDITIONAL VARIABLES, ON AVERAGE THE ADDITIONAL VARIABLES ACCOUNTED FOR 57% OF THE EXPLAINED DEVIANCE, INDEPENDENT OF SHARED EFFECTS WITH THE CLIMATE VARIABLES. OUR RESULTS SUPPORT THE IDEA THAT CLIMATE-ONLY MODELS MAY OFFER INCOMPLETE DESCRIPTIONS OF CURRENT AND FUTURE HABITAT SUITABILITY AND CAN LEAD TO INCORRECT CONCLUSIONS ABOUT THE SIZE AND LOCATION OF SUITABLE HABITAT. THESE CONCLUSIONS COULD HAVE IMPORTANT MANAGEMENT IMPLICATIONS FOR DESIGNATING PROTECTED AREAS AND ASSESSING THREATS LIKE CLIMATE CHANGE AND HUMAN DEVELOPMENT.",10.1371/journal.pone.0285115,0.0
Habitat Protection Actions For Coastal Delphinids In A Disturbed Environment With Explicit Information Gaps,"BRIDGING INFORMATION GAPS IN AN ANIMAL'S HABITAT CONFIGURATION IS AN EXPLICIT CHALLENGE IN PLANNING HABITAT PROTECTION ACTIONS (HPAS) FOR MARINE MEGAFAUNA SPECIES NEAR SITES OF INTENSE ANTHROPOGENIC ACTIVITY. THIS CHALLENGE IS FURTHER COMPLICATED BY INADEQUATE FIELD SURVEY DESIGNS AND DATA MANIPULATION THAT LIKELY BIAS HABITAT CONFIGURATION BASELINES. IN THIS STUDY, THE LIKELY HABITAT CONFIGURATION OF INDO-PACIFIC HUMPBACK DOLPHINS, SOUSA CHINENSIS, IN THE CHINESE PROVINCES OF FUJIAN AND GUANGDONG WAS PROJECTED USING SPECIES DISTRIBUTION MODELING (SDM). THE INFLUENCE OF INADEQUATE SURVEY DESIGN AND DATA MANIPULATION OF THE BASELINE PRESENTATION WAS EXPLORED BY COMPARING THE SDM RESULTS FROM DIFFERENT DATASETS WITH CURRENT KNOWLEDGE OF HUMPBACK DOLPHIN DISTRIBUTIONS IN CHINESE WATERS. ONLY THE SDM BASED ON DATA FROM SYSTEMATICALLY DESIGNED SURVEYS PROJECTED A HABITAT CONFIGURATION MATCHING THE CURRENT HUMPBACK DOLPHIN DISTRIBUTION IN CHINA. THE LIKELY HABITAT CONFIGURATION OF HUMPBACK DOLPHINS WAS CHARACTERIZED BY HIGH PRIMARY PRODUCTIVITY AND A SHALLOW WATER DEPTH. THIS STUDY SHOWED THAT ECOSYSTEM SERVICE LOSSES, INDEXED BY CO2 ABSORPTION, DUE TO COASTAL ALTERATION ACTIVITIES NEED TO BE FACTORED INTO ENVIRONMENTAL IMPACT ASSESSMENTS. SOUND HPA PRACTICES INCLUDE SHARING INFORMATION BETWEEN RESEARCH TEAMS, MITIGATING THE ADVERSE IMPACTS OF ANTHROPOGENIC ACTIVITIES, ASSOCIATING PROTECTED AREA NETWORKING WITH REGIONAL MARITIME SPATIAL PLANNING, MONITORING COASTAL LANDSCAPES AND SEASCAPE BASELINES, REDUCING LAND-BASED POLLUTION, RESTORING DEGRADED HABITATS FOR AQUATIC BIOTA, AND RECOVERING LAND-TO-SEA CONNECTIVITY. THESE MEASURES REQUIRE COMPREHENSIVE COORDINATION AND COLLABORATION BETWEEN SCIENTIFIC RESEARCH TEAMS, POLICY REPRESENTATIVES, NGOS/NPOS AND STAKEHOLDER GROUPS.",10.1016/j.ocecoaman.2018.12.017,0.0
"Species Distribution Models To Predict The Potential Niche Shift And Priority Conservation Areas For Mangroves (rhizophora Apiculata, R. Mucronata) In Response To Climate And Sea Level Fluctuations Along Coastal India","MANGROVES ARE MORE THAN JUST A TREE AS THEY ARE HOME TO THOUSANDS OF SPECIES, CARBON ABSORBERS AND A NATURAL COASTAL FORTRESS AGAINST FLOODS AND STORM SURGES. HENCE, CONSERVATION PLANNING AND DECISION MAKING FOR THIS VALUABLE ECOSYSTEM MUST INVOLVE IDENTIFICATION OF PRIORITY CONSERVATION AREAS (PCAS) AT SPECIES-SPECIFIC DIMENSIONS. IN THE PRESENT STUDY, WE ADOPTED AN ENSEMBLE MODELLING APPROACH FOR THE DISTRIBUTION OF TWO MANGROVE SPECIES (RHIZOPHORA APICULATA, RHIZOPHORA MUCRONATA) USING HIGH-RESOLUTION ENVIRONMENTAL AND EDAPHIC DATASETS, TO IDENTIFY THE PCAS FOR FUTURE CONSERVATION. WE ALSO IDENTIFIED THE KEY ENVIRONMENTAL VARIABLES SHAPING THEIR DISTRIBUTION AND PRECISELY ESTIMATED THE CORE DISTRIBUTIONAL SHIFT ALONG THE INDIAN COASTLINE UNDER CHANGING CLIMATE SCENARIO. THE FINDINGS REVEALED THAT ABOUT 5844 KM2 AND 7846 KM2 AREAS WERE IDENTIFIED AS EXTREMELY SUITABLE AREAS, WHICH WERE DISTRIBUTED ALONG MAHARASHTRA COAST AND KERALA COAST FOR R. MUCRONATA AND R. APICULATA, RESPECTIVELY, IN THE CURRENT CLIMATE SCENARIO. THE DISTRIBUTION OF R. APICULATA WAS FOUND TO BE MOSTLY SHAPED BY MEAN DIURNAL RANGE AND ANNUAL MEAN TEMPERATURE, WHEREAS THE DISTRIBUTION OF R. MUCRONATA WAS PRIMARILY SHAPED BY ANNUAL MEAN TEMPERATURE AND ALTITUDE. THE HIGHEST RANGE EXPANSION OF MANGROVE SPECIES OCCURRED DURING MIDDLE HOLOCENE DUE TO HIGH PRECIPITATION AND SEA-LEVEL RISE AND THIS FINDING IS FURTHER SUPPORTED BY FOSSIL POLLEN EVIDENCE. THE SUITABLE HABITAT RANGE FOR R. APICULATA IS PREDICTED TO INCREASE ALONG KERALA COAST UNDER RCP2.6 SCENARIO BY 6.90% AND 6.93% AND UNDER RCP8.5 SCENARIO BY 9.33% AND 9.90% IN THE YEAR 2050 AND 2070, RESPECTIVELY, WHEREAS THE RANGE FOR R. MUCRONATA IS GETTING REDUCED IN THE FUTURE CLIMATE SCENARIO. OVERALL, OUR PREDICTIONS REVEAL A STEADY MIGRATION OF CONDUCIVE MANGROVE HABITAT TOWARDS LAND OR HIGHER ELEVATIONS DUE TO RELATIVE SEA LEVEL RISE IN FUTURE. THESE RESULTS WOULD AID IN PLANNING A LONG-TERM SPECIES-SPECIFIC CONSERVATION AND MANAGEMENT STRATEGY FOR MANGROVE ECOSYSTEM ALONG COASTAL INDIA.",10.1016/j.ecolind.2023.110631,0.0
Species Distribution Models As Tools For Community Empowerment And Informed Decision Making In Colombia's Choco Pacific Coast Fisheries,"CHANGES IN MARINE ECOSYSTEM DYNAMICS HAVE LED TO ALTERATIONS IN THE AVAILABILITY OF FISH IN ESTABLISHED FISHING GROUNDS. PREDICTIVE MODELS SUGGEST THEIR UTILITY IN UNDERSTANDING AND PREDICTING SPECIES DISTRIBUTION AT VARYING DEPTHS AND TIMES OF THE YEAR, SIGNIFICANTLY INFLUENCING REGIONAL FISHERIES MANAGEMENT. THUS, ACCESS TO INFORMATION ON OCEANOGRAPHIC CONDITIONS, SERVING AS A SCIENCE-BASED DECISION-MAKING SUPPORT TOOL FOR ARTISANAL FISHERS, HAS BEEN IDENTIFIED AS AN ADAPTATION STRATEGY FOSTERING SOCIAL EMPOWERMENT IN THE COLOMBIAN PACIFIC REGION. TO ADDRESS THIS NEED, AN OPEN-SOURCE WEBGIS (GEOGRAPHIC INFORMATION SYSTEM) WAS CO-CREATED TO PROVIDE USERS WITH THE RESULTS OF SPECIES DISTRIBUTION MODELS OF MARINE FISH SPECIES, AIMING TO EXPAND KNOWLEDGE OF THE EVER-CHANGING ENVIRONMENT DYNAMICS. THE CHOCO ARTISANAL FISHING GEOVISOR OFFERS OPTIONS FOR PLANNING FISHING OPERATIONS AND PROVIDES TOOLS FOR UNDERSTANDING THE RESULTS OF SPECIES DISTRIBUTION MODELS AND RESOURCE MANAGEMENT. BY PROMOTING INFORMED DECISION MAKING AND COMMUNITY EMPOWERMENT, IT SERVES AS A STRATEGIC RESPONSE TO MARINE ENVIRONMENTAL FLUCTUATIONS, ESTABLISHING ITSELF AS AN ESSENTIAL TOOL FOR ADAPTING TO SHIFTING MARINE CONDITIONS AND ENSURING FOOD SECURITY.",10.3390/fishes8070349,0.0
Oceanic Heterotrophic Bacterial Nutrition By Semilabile Dom As Revealed By Data Assimilative Modeling,"PREVIOUS STUDIES HAVE FOCUSED ON THE ROLE OF LABILE DISSOLVED ORGANIC MATTER (DOM) (DEFINED AS TURNOVER TIME OF SIMILAR TO 1 D) IN SUPPORTING HETEROTROPHIC BACTERIAL PRODUCTION, BUT HAVE MOSTLY NEGLECTED SEMILABILE DOM (DEFINED AS TURNOVER TIME OF SIMILAR TO 100 TO 1000 D) AS A POTENTIAL SUBSTRATE FOR HETEROTROPHIC BACTERIAL GROWTH. TO TEST THE HYPOTHESIS THAT SEMILABILE DOM SUPPORTS SUBSTANTIAL AMOUNTS OF HETEROTROPHIC BACTERIAL PRODUCTION IN THE OPEN OCEAN, WE CONSTRUCTED A 1-DIMENSIONAL EPIPELAGIC ECOSYSTEM MODEL AND APPLIED IT TO 3 OPEN OCEAN SITES: THE ARABIAN SEA, EQUATORIAL PACIFIC AND STATION ALOHA IN THE NORTH PACIFIC SUBTROPICAL GYRE. THE MODEL TRACKS CARBON, NITROGEN AND PHOSPHORUS WITH FLEXIBLE STOICHIOMETRY. THIS STUDY USED A LARGE NUMBER OF OBSERVATIONS, INCLUDING MEASUREMENTS OF HETEROTROPHIC BACTERIAL PRODUCTION RATES AND STANDING STOCKS, AND DOM CONCENTRATION DATA, TO RIGOROUSLY TEST AND CONSTRAIN MODEL OUTPUT. DATA ASSIMILATION WAS SUCCESSFULLY APPLIED TO OPTIMIZE THE MODEL PARAMETERS AND RESULTED IN SIMULTANEOUS REPRESENTATION OF OBSERVED NITRATE, PHOSPHATE, PHYTOPLANKTON AND ZOOPLANKTON BIOMASS, PRIMARY PRODUCTION, HETEROTROPHIC BACTERIAL BIOMASS AND PRODUCTION, DOM, AND SUSPENDED AND SINKING PARTICULATE ORGANIC MATTER. ACROSS THE 3 OCEAN ECOSYSTEMS EXAMINED, THE DATA ASSIMILATION SUGGESTS SEMILABILE DOM MAY SUPPORT 17 TO 40% OF HETEROTROPHIC BACTERIAL CARBON DEMAND. IN AN EXPERIMENT WHERE BACTERIA ONLY UTILIZE LABILE DOM, AND WITH MORE OF THE DOM PRODUCTION ASSIGNED TO LABILE DOM, THE MODEL POORLY REPRESENTED THE OBSERVATIONS. THESE RESULTS SUGGEST THAT SEMILABILE DOM MAY PLAY AN IMPORTANT ROLE IN SUSTAINING HETEROTROPHIC BACTERIAL GROWTH IN DIVERSE REGIONS OF THE OPEN OCEAN.",10.3354/ame01427,0.0
Fishing Access Agreements And Harvesting Decisions Of Host And Distant Water Fishing Nations,"THE DECLARATION OF EXCLUSIVE ECONOMIC ZONES (EEZS) GRANTED COASTAL STATES SOVEREIGN RIGHTS OVER THE MARINE RESOURCES IN THEIR EEZS AND ENABLED DEVELOPING COASTAL STATES TO LEGALLY CHARGE ACCESS FEES TO DISTANT WATER FISHING (DWF) NATIONS FOR ACCESS TO THE RESOURCES IN THESE WATERS. DESPITE THE POTENTIAL FOR ECONOMIC GAINS, HOWEVER, THE ABILITY OF COASTAL STATES TO BENEFIT FROM THE GRANTING OF SOVEREIGN RIGHTS AND TO ENSURE THE SUSTAINABLE USE OF THEIR FISHERIES RESOURCES DEPENDS ON HOW DOMESTIC FISHING EFFORT RESPONDS TO THE HARVESTING DECISIONS OF THE DWF NATIONS. WE DEVELOP A STYLIZED BIOECONOMIC MODEL TO EXPLORE THE CHANGE IN FISHING BEHAVIOR OF HOST AND DWF NATIONS WHEN THE TWO NATIONS ENTER INTO AN ACCESS AGREEMENT WITH VARYING LEVELS OF ACCESS FEE. WE FURTHER CONDUCT AN ECONOMETRIC ANALYSIS OF CHANGES IN PACIFIC ISLAND NATIONS' HARVESTING BEHAVIOR IN RESPONSE TO THE HARVEST DECISIONS OF DWF NATIONS USING DATA FROM THE WESTERN AND CENTRAL PACIFIC TUNA FISHERY. OUR MODEL RESULTS SHOW THAT THERE IS A RANGE OF VARIABLE ACCESS PAYMENT LEVELS OVER WHICH THE HOST NATION SUBSTITUTES BENEFITS FROM ITS DOMESTIC FISHING ACTIVITY WITH ACCESS PAYMENTS FROM THE DWF NATION AND THAT SETTING FEES IN THIS RANGE CAN CREATE A TRAP WHEREBY HOST NATIONS ARE FORCED TO TRADE-OFF RECEIVING A FAIR RETURN TO THEIR FISHERY RESOURCES THROUGH ACCESS FEES AND RETAINING THEIR OWN ACTIVE FLEET CAPACITY. OUR EMPIRICAL ANALYSIS FURTHER SHOWS A GRADUAL SHIFT IN THE WAY IN WHICH PACIFIC ISLAND HOST NATIONS RESPONDED TO THE HARVEST DECISION OF DWF NATIONS AS A RESULT OF THE CREATION OF THE 200-NAUTICAL-MILE EEZ. (C) 2014 ELSEVIER LTD. ALL RIGHTS RESERVED.",10.1016/j.marpol.2014.12.019,1.0
Modeling Framework For Establishing The Power Law Between Length And Weight Of Fishes And A Meta-analysis For Validation Of Lwrs For Six Commercially Important Marine Fishes From The Northwestern Bay Of Bengal,"ACCURATE AND UNBIASED MODELING OF LENGTH-WEIGHT RELATIONSHIP (LWR) IS ESSENTIAL FOR PRECISE ESTIMATION OF BIOMASS FROM LENGTH-BASED ABUNDANCE DATA FOR AQUATIC ECOSYSTEM MODELING AND DEVELOPING RESOURCE MANAGE-MENT STRATEGIES FOR THE SUSTAINABLE UTILIZATION OF AQUATIC LIVING RESOURCES. THE PRESENT STUDY WAS CONDUCTED TO DEVELOP THE BEST MODELING METHOD FOR ESTABLISHING THE RELATIONSHIP BETWEEN THE LENGTH AND WEIGHT OF THE FISH, GIVING ADEQUATE PRIORITY TO THE VARIANCE DISTRIBUTION STRUCTURE, WHICH IS OFTEN OVERLOOKED. THREE MODELING METHODS VIZ. (1) NLM: NONLINEAR MODEL WITH ADDITIVE HOMOGENEOUS VARIANCE STRUCTURE, (2) WNLM: WEIGHTED NONLINEAR MODEL WITH ADDITIVE HETEROGENEOUS POWER VARIANCE STRUCTURE AND (3) LM: LOG-TRANSFORMED LINEAR MODEL WITH MULTIPLICATIVE HETEROGENEOUS VARIANCE STRUCTURE IN UNTRANSFORMED SCALE WERE EVALUATED FOR THEIR PERFOR-MANCE IN ACCURATELY ESTIMATING THE MODEL PARAMETERS AND THEIR CONFIDENCE INTERVALS. AS VARIANCE IN FISH WEIGHT INCREASES WITH THE INCREASE IN FISH SIZE, USUALLY, A MULTIPLICATIVE HETEROGENEOUS VARIANCE STRUCTURE IS ASSUMED WHILE EXPLAINING THE RELATIONSHIP BETWEEN LENGTH AND WEIGHT, WHICH WAS EVIDENCED FROM THE RESIDUAL PLOT OF NLM. AS THE DATA DID NOT FOLLOW THE ADDITIVE HOMOGENOUS VARIANCE ASSUMPTION OF NLM, THE WORST PERFORMANCE (HIGHEST AIC AND BIC) WAS OBTAINED WHEN NLM WAS USED. THE VARIANCE DISTRIBUTION STRUCTURE COULD BE HO-MOGENIZED AND NORMALIZED IN THREE OUT OF SIX FISHES (I.E., PLICOFOLLIS LAYARDI, CYNOGLOSSUS AREL, OTOLITHES RUBER) INVESTIGATED IN THE STUDY USING LM, RESULTING IN SUPERIOR PERFORMANCE (LOWEST AIC AND BIC) AMONG THE THREE MODELS. FOR TWO OUT OF THREE REMAINING SPECIES (I.E., NEMIPTERUS JAPONICUS AND PARASTROMATEUS NIGER) FOR WHICH THE VARIANCE DISTRIBUTION CANNOT BE NORMALIZED BY LOG TRANSFORMATION (LM), THE RESIDUALS COULD BE HOMOGENIZED AND NORMALIZED BY THE WNLM WHICH WAS EVIDENCED BY THE LOWEST AIC AND BIC FOR THE MODEL. EVEN FOR THE SPECIES (I. E., PAMPUS ARGENTEUS), WHERE THE RESIDUALS COULD NOT BE NORMALIZED BY ANY OF THE MODELS, BETTER PERFORMANCE WAS OBTAINED FROM WNLM. A META-ANALYSIS WAS PERFORMED TO VALIDATE THE HITHERTO AVAILABLE INFORMATION ON THE LWRS OF THESE SIX SPECIES BY REGRESSING THE REGRESSION PARAMETERS [LOG(A) VS. B] OF THE AVAILABLE LWRS AND BY COMPUTING THE FORM FACTORS. THE ERRONEOUS LWRS WERE IDENTIFIED AS DOUBTFUL REPORTS BY CAREFULLY SCRUTINIZING THE OUTLIERS OBTAINED FROM COOK'S DISTANCE METHOD AND SUBSEQUENTLY VALIDATING THEM BY OBSERVING THEIR DISPERSION FROM MODELED PREDICTION INTERVALS (PI) AND INTERQUARTILE RANGE (IQR) BASED OUTLIER DETECTION METHODS USING THE FORM FACTOR ANALYSIS. THE STUDY PRESENTS THE DECISION SUPPORT FRAMEWORK FOR AN APPROPRIATE MODELING APPROACH WHILE DEALING WITH CERTAIN ASSUMPTIONS SUCH AS VARIANCE NORMALITY AND HOMOSCEDASTICITY. THE STUDY ALSO DESCRIBES A COMBINED APPROACH FOR THE VALIDATION OF DERIVED LWRS BY A COMPREHENSIVE META-ANALYSIS.",10.1016/j.fishres.2022.106496,0.0
The Seasonal Distribution Of A Highly Commercial Fish Is Related To Ontogenetic Changes In Its Feeding Strategy,"IMPROVING THE KNOWLEDGE ON THE BIOLOGY, ECOLOGY AND DISTRIBUTION OF MARINE RESOURCES EXPLOITED BY FISHERIES IS NECESSARY TO ACHIEVE POPULATION RECOVERY AND SUSTAINABLE FISHERIES MANAGEMENT. EUROPEAN HAKE (MERLUCCIUS MERLUCCIUS) IS ONE OF THE MOST IMPORTANT TARGET SPECIES IN THE MEDITERRANEAN SEA AND IS LARGELY OVEREXPLOITED BY INDUSTRIAL FISHERIES. HERE, WE USED TWO METHODOLOGICAL APPROACHES TO FURTHER INVESTIGATE THE SEASONAL VARIATION IN THE SPATIAL DISTRIBUTION OF EUROPEAN HAKE CONSIDERING ONTOGENETIC CHANGES AND TROPHIC ECOLOGY IN THE WESTERN MEDITERRANEAN SEA. OUR MAIN AIM WAS TO EXPLORE IF SPATIAL CHANGES IN HAKE DISTRIBUTION WERE RELATED TO TROPHIC BEHAVIOR, IN ADDITION TO KEY ENVIRONMENTAL FACTORS. WE EMPLOYED A HIERARCHICAL BAYESIAN SPECIES DISTRIBUTION MODELING APPROACH (B-SDM), USING SPATIAL DATA FROM TWO OCEANOGRAPHIC SURVEYS CONDUCTED DURING WINTER AND SUMMER. WE ANALYZED HOW THE ENVIRONMENTAL VARIABLES, TOGETHER WITH ABUNDANCE AND MEAN WEIGHT DISTRIBUTION OF THE MAIN PREYS IDENTIFIED FOR EUROPEAN HAKE, AFFECTED THE SEASONAL DISTRIBUTION OF THE SPECIES. RESULTS REVEALED CLEAR DIFFERENCES IN THE DISTRIBUTION OF THE EUROPEAN HAKE BETWEEN SEASONS, WHICH WERE INDEED PARTIALLY CORRELATED TO THE DISTRIBUTION OF THEIR MAIN PREYS, IN ADDITION TO THE ENVIRONMENT. STABLE ISOTOPE VALUES AND BAYESIAN ISOTOPIC MIXING MODELS (MIXSIAR) REVEALED SUBSTANTIAL SEASONAL AND ONTOGENETIC DIFFERENCES IN TROPHIC HABITS OF EUROPEAN HAKE, PARTLY MATCHING THE SPATIAL DISTRIBUTION RESULTS. THESE FINDINGS COULD HAVE IMPLICATIONS FOR A FUTURE SEASONAL-BASED ADAPTIVE FISHERIES MANAGEMENT, AS LOCAL DEPLETION OF PREY, OR VARIATION IN SIZE AND CONDITION MAY AFFECT EUROPEAN HAKE PRESENCE IN THIS AREA. MOREOVER, THIS STUDY ILLUSTRATES HOW THE SEQUENTIAL APPLICATION OF METHODOLOGIES PROVIDES A MORE HOLISTIC UNDERSTANDING OF SPECIES SEASONALITY, WHICH IS ESSENTIAL TO UNDERSTAND THE PHENOLOGICAL PROCESSES OF EXPLOITED SPECIES AND THEIR POTENTIAL SHIFTS DUE TO ENVIRONMENTAL CHANGES.",10.3389/fmars.2020.566686,0.0
Use Of Timed Automata And Model-checking To Explore Scenarios On Ecosystem Models,"THE INTEREST TO BUILD ECOSYSTEM MODELS IS WELL ACKNOWLEDGED IN ORDER TO IMPROVE THE UNDERSTANDING OF THE SOPHISTICATED LINKAGES BETWEEN HUMANS AND NATURAL SPECIES EMBEDDED WITHIN VARIABLE LOCAL AND GLOBAL ENVIRONMENTAL CONTEXTS. IT IS ESPECIALLY TRUE WHEN A COMPLEX TEMPORAL EVOLUTION INTERVENES AS IN POPULATION REGULATIONS. ECOLOGICAL MODELLERS USUALLY RESORT TO NUMERICAL MODELS SUPPORTED BY ACCURATE DATA AND EXTENSIVE KNOWLEDGE ON BIOLOGICAL PROCESSES. UNFORTUNATELY, THE TASK BECOMES MORE DIFFICULT TO MODEL ECOSYSTEMS WITH LIMITED DATA AND KNOWLEDGE. QUALITATIVE MODELS MAY BE MORE SUITABLE FOR DESIGNING DATA-POOR SYSTEMS IN A DECISION-AID CONTEXT. WE PROPOSE A NEW QUALITATIVE APPROACH FOR ECOSYSTEM MODELLING BASED ON TIMED AUTOMATA (TA) FORMALISM COMBINED WITH A HIGH-LEVEL QUERY LANGUAGE FOR EXPLORING SCENARIOS. TA RELY ON A DISCRETE-EVENT SYSTEM FORMALISM TO REPRODUCE THE TEMPORAL DYNAMICS OF A SYSTEM. COMBINED WITH MODEL-CHECKING TECHNIQUES, TA ENABLE THE EXPLORATION OF SYSTEM PROPERTIES IN RESPONSE TO A WIDE RANGE OF SCENARIOS BASED ON A TEMPORAL LOGIC. OUR APPLICATIVE CASE CONCERNS THE EVOLUTION OF DIFFERENT FISH BIOMASS ALONG TIME ACCORDING TO FISHING POLICIES, ESPECIALLY WHEN EXOGENOUS ENVIRONMENTAL ISSUES MAY ALSO BE CONSIDERED. WE HAVE DEVELOPED THIS APPROACH TO MODEL A SIMPLIFIED MARINE ECOSYSTEM SUBJECT TO DIFFERENT FISHING POLICIES. USING PREDEFINED QUERY PATTERNS, WE SHOW THAT TA AND MODEL-CHECKING ARE RELEVANT TOOLS TO QUERY TIMED PROPERTIES OF A FISHERY SYSTEM IN RESPONSE TO DIFFERENT MANAGEMENT OPTIONS. THIS MODELLING APPROACH MAY BE ESPECIALLY USEFUL FOR FOSTERING BETTER DISCUSSION AMONG ALL STAKEHOLDERS INVOLVED IN FISHERIES MANAGEMENT. (C) 2011 ELSEVIER LTD. ALL RIGHTS RESERVED.",10.1016/j.envsoft.2011.08.005,1.0
The Mediterranean Sea As A 'cul-de-sac' For Endemic Fishes Facing Climate Change,"THE MEDITERRANEAN SEA IS A HOTSPOT OF BIODIVERSITY, AND CLIMATE WARMING IS EXPECTED TO HAVE A SIGNIFICANT INFLUENCE ON ITS ENDEMIC FISH SPECIES. HOWEVER, NO PREVIOUS STUDIES HAVE PREDICTED WHETHER FISH SPECIES WILL EXPERIENCE GEOGRAPHIC RANGE EXTENSIONS OR CONTRACTIONS AS A CONSEQUENCE OF WARMING. HERE, WE PROJECTED THE POTENTIAL FUTURE CLIMATIC NICHES OF 75 MEDITERRANEAN SEA ENDEMIC FISH SPECIES BASED ON A GLOBAL WARMING SCENARIO IMPLEMENTED WITH THE MEDITERRANEAN MODEL OPAMED8 AND A MULTIMODEL INFERENCE, WHICH INCLUDED UNCERTAINTY. BY 2070-2099, THE AVERAGE SURFACE TEMPERATURE OF THE MEDITERRANEAN SEA WAS PROJECTED TO WARM BY 3.1 DEGREES C. PROJECTIONS FOR 2041-2060 ARE THAT 25 SPECIES WOULD QUALIFY FOR THE INTERNATIONAL UNION FOR THE CONSERVATION OF NATURE AND NATURAL RESOURCES (IUCN) RED LIST, AND SIX SPECIES WOULD BECOME EXTINCT. BY 2070-2099, 45 SPECIES WERE EXPECTED TO QUALIFY FOR THE IUCN RED LIST WHEREAS 14 WERE EXPECTED TO BECOME EXTINCT. BY THE MIDDLE OF THE 21ST CENTURY, THE COLDEST AREAS OF THE MEDITERRANEAN SEA (ADRIATIC SEA AND GULF OF LION) WOULD ACT AS A REFUGE FOR COLD-WATER SPECIES, BUT BY THE END OF THE CENTURY, THOSE AREAS WERE PROJECTED TO BECOME A 'CUL-DE-SAC' THAT WOULD DRIVE THOSE SPECIES TOWARDS EXTINCTION. IN ADDITION, THE RANGE SIZE OF ENDEMIC SPECIES WAS PROJECTED TO UNDERGO EXTENSIVE FRAGMENTATION, WHICH IS A POTENTIALLY AGGRAVATING FACTOR. SINCE A MAJORITY OF ENDEMIC FISHES ARE SPECIALISTS, REGARDING SUBSTRATUM AND DIET, WE MAY EXPECT A REDUCED ABILITY TO TRACK PROJECTED CLIMATIC NICHES. AS A WHOLE, 25% OF THE MEDITERRANEAN SEA CONTINENTAL SHELF WAS PREDICTED TO EXPERIENCE A TOTAL MODIFICATION OF ENDEMIC SPECIES ASSEMBLAGES BY THE END OF THE 21ST CENTURY. THIS EXPECTED TURNOVER RATE COULD BE MITIGATED BY MARINE PROTECTED AREAS OR ACCELERATED BY FISHING PRESSURE OR COMPETITION FROM EXOTIC FISHES. IT REMAINS A CHALLENGE TO PREDICT HOW THESE ASSEMBLAGE MODIFICATIONS MIGHT AFFECT ECOSYSTEM FUNCTION.",10.1111/j.1365-2486.2010.02224.x,1.0
Using Coupled Hydrodynamic Biogeochemical Models To Predict The Effects Of Tidal Turbine Arrays On Phytoplankton Dynamics,"THE EFFECTS OF LARGE SCALE TIDAL ENERGY DEVICE (TED) ARRAYS ON PHYTOPLANKTON PROCESSES OWING TO THE CHANGES IN HYDRODYNAMIC FLOWS ARE UNKNOWN. COUPLED TWO-DIMENSIONAL BIOGEOCHEMICAL AND HYDRODYNAMIC MODELS OFFER THE OPPORTUNITY TO PREDICT POTENTIAL EFFECTS OF LARGE SCALE TED ARRAYS ON THE LOCAL AND REGIONAL PHYTOPLANKTON DYNAMICS IN COASTAL AND INSHORE ENVIRONMENTS. USING MIKE 21 SOFTWARE BY DHI (HTTPS://WWW.DHIGROUP.COM), COUPLED TWO-DIMENSIONAL BIOGEOCHEMICAL AND HYDRODYNAMIC MODELS WERE DEVELOPED WITH SIMULATIONS INCLUDING NO TURBINES OR AN ARRAY OF 55 TURBINES WITH FOUR SOLAR RADIATION SCENARIOS TO ASSESS THE TEMPORAL AND SPATIAL CHANGES OF PHYTOPLANKTON DYNAMICS IN AN IDEALISED DOMAIN. RESULTS SUGGEST THAT THE EFFECT OF TEDS ON PHYTOPLANKTON DYNAMICS ACCOUNTED FOR UP TO 25% OF THE VARIABILITY IN PHYTOPLANKTON CONCENTRATIONS, MOST LIKELY ASSOCIATED WITH AN INCREASED RESIDENCE TIME IN AN INSHORE BASIN. HOWEVER, NATURAL VARIATION, SUCH AS THE INTENSITY OF PHOTOSYNTHETICALLY ACTIVE RADIATION, HAD A LARGER EFFECT ON PHYTOPLANKTON DYNAMICS THAN AN ARRAY OF TEDS.",10.3390/jmse6020058,1.0
"Spatialized Ecological Network Analysis For Ecosystem-based Management: Effects Of Climate Change, Marine Renewable Energy, And Fishing On Ecosystem Functioning In The Bay Of Seine","INTEGRATIVE AND SPATIALIZED TOOLS FOR STUDYING THE EFFECTS OF A WIDE VARIETY OF ECOSYSTEM DRIVERS ARE NEEDED TO IMPLEMENT ECOSYSTEM-BASED MANAGEMENT AND MARINE SPATIAL PLANNING. WE DEVELOPED A TOOL FOR ANALYZING THE DIRECT AND INDIRECT EFFECTS OF ANTHROPIC ACTIVITIES ON THE STRUCTURE AND FUNCTIONING OF COASTAL AND MARINE ECOSYSTEMS. USING INNOVATIVE MODELLING TECHNIQUES, WE RAN A SPATIALLY EXPLICIT MODEL TO CARRY OUT AN ECOLOGICAL NETWORK ANALYSIS (ENA) OF THE EFFECTS OF CLIMATE CHANGE (CC), OF AN OFFSHORE WIND FARM (OWF) AND OF MULTIPLE FISHING SCENARIOS ON THE BAY OF SEINE (EASTERN PART OF THE ENGLISH CHANNEL) ECOSYSTEM. ENA INDICES DESCRIBED THE EFFECTS OF THOSE DIFFERENT DRIVERS IN A HOLISTIC AND SPATIAL WAY. THE SPATIAL ANALYSIS OF ECOSYSTEM PROPERTIES REVEALED LOCAL AND GLOBAL PATTERNS OF MODIFICATIONS ATTRIBUTED TO CC, WHILE THE OWF RESULTED IN LOCALIZED CHANGES IN THE ECOSYSTEM. THIS ABILITY OF ENA INDICATORS TO DETECT HUMAN-INDUCED CHANGES IN ECOSYSTEM FUNCTIONING AT VARIOUS SPATIAL SCALES ALLOWS FOR A MORE INTEGRATIVE VIEW OF THE EFFECTS OF HUMAN ACTIVITIES ON ECOSYSTEMS. ENA INDICES COULD BE USED TO LINK BOTH LOCAL AND GLOBAL ECOSYSTEM CHANGES, FOR A MORE CROSS-SCALE APPROACH TO ECOSYSTEM MANAGEMENT.",10.1093/icesjms/fsac026,1.0
Species Distribution Models Estimate Time-varying Juvenile Salmon Distributions In The North-and Southeastern Bering Sea,"THIS STUDY COMPARES ALTERNATIVE IMPLEMENTATIONS OF SPECIES DISTRIBUTION MODELS (SDMS) FOR QUANTIFYING STATIC AND DYNAMIC PATTERNS IN MARINE HABITAT USE, WITH A CASE STUDY FOCUSING ON JUVENILE SALMON IN THE EASTERN BERING SEA. WE COMPARE THE PERFORMANCE OF TWO PREVALENT SDM FRAMEWORKS--GENERALIZED ADDITIVE MODELS (GAMS) AND VECTOR AUTOREGRESSIVE SPATIO-TEMPORAL (VAST) MODELS--IN PREDICTING JUVENILE SALMON DISTRIBUTIONS AND ASSESSING INTERANNUAL VARIATION IN HABITAT UTILIZATION. THE TWO SDM FRAMEWORKS PRODUCED SIMILAR SPATIAL PREDICTIONS BUT PERFORMED DIFFERENTLY IN TESTS OF WITHIN-SAMPLE AND OUT-OF-SAMPLE PREDICTIVE POWER. OUR FINDINGS INDICATE THAT VAST MODELS MAY PROVIDE MORE PRECISE ESTIMATES OF DISTRIBUTION COMPARED TO GAMS. MAPS OF PREDICTED JUVENILE SALMON DISTRIBUTIONS SHOWED HIGHEST SALMON DENSITIES IN HABITATS WITHIN THE 50 M ISOBATH OF THE CONTINENTAL SHELF, UNDERSCORING THE IMPORTANCE OF THESE COASTAL AREAS, ALTHOUGH AMONG-SPECIES DIFFERENCES WERE EVIDENT. MODEL PERFORMANCE RESULTS SUGGESTED EVIDENCE FOR SPATIAL VARIATION IN JUVENILE SALMON SPECIES' DISTRIBUTIONS THROUGH TIME. OUR FINDINGS SUGGEST THAT AN SDM APPROACH CAN BE EFFECTIVE FOR ESTIMATING STATIC AND DYNAMIC JUVENILE SALMON DISTRIBUTIONS, AND FOR PROVIDING INSIGHTS THAT ARE USEFUL IN SPATIAL FISHERIES MANAGEMENT CONTEXTS.",10.1139/cjfas-2024-0137,1.0
How Will Fisheries Management Measures Contribute Towards The Attainment Of Good Environmental Status For The North Sea Ecosystem?,"EUROPEAN FISHERIES MANAGEMENT HAVE ADOPTED MAXIMUM SUSTAINABLE YIELD (MSY) TARGETS FOR FISHING MORTALITY ON COMMERCIAL SPECIES TO MAXIMISE THE PROVISION OF FOOD. EU MEMBER STATES ARE ALSO COMMITTED TO REACH GOOD ENVIRONMENTAL STATUS BY 2020 THROUGH THE MARINE STRATEGY FRAMEWORK DIRECTIVE WHICH AIMS TO PROTECT ALL ECOSYSTEM SERVICES. SO, HOW WILL FISHERIES MANAGEMENT MEASURES CONTRIBUTE TO ECOSYSTEM FUNCTIONING AND THE ATTAINMENT OF ENVIRONMENTAL OBJECTIVES AS MEASURED BY IMPROVEMENTS IN INDICATORS OF BIODIVERSITY AND FOOD WEBS? WE MODEL ECOSYSTEM EFFECTS OF FISHING IN THE NORTH SEA USING FOOD WEB MODEL PROJECTIONS INCORPORATING FISHING EFFORT STRATEGIES CONSISTENT WITH MSY TARGETS. CORRELATIONS BETWEEN MODELLED INDICATORS AND SURVEY DATA WERE SIGNIFICANT (P <= 0.02). REDUCED FISHING EFFORT LED TO INCREASES IN SIZE-BASED INDICATORS AND BIOMASSES OF BENTHIVORES, PLANKTIVORES AND PISCIVORES. HOWEVER, PREDATION BY PISCIVORES DEPRESSED BENTHO-PISCIVORE BIOMASS. CLIMATE WARMING MAY ALSO DECREASE BIOMASSES OF BENTHO-PISCIVORES AND PISCIVORES, WHILE PLANKTIVORES, BENTHIVORES AND STATE INDICATORS OF SIZE AND TROPHIC LEVEL MAY INCREASE. FISHERIES MANAGEMENT MEASURES WILL BENEFIT THE BIODIVERSITY OF THE FISH COMMUNITY IN TERMS OF SIZE STRUCTURE, BUT NOT NECESSARILY THE FOOD WEB SINCE DECREASES IN RELATIVE BIOMASS OF SOME TROPHIC GUILDS ARE EXPECTED. CROWN COPYRIGHT (C) 2015 PUBLISHED BY ELSEVIER B.V.",10.1016/j.gecco.2015.06.005,1.0
Ecosystem Models of Fishing Effects: Present Status and a Suggested Future Paradigm,"Quantitative modeling methods applied to anthropomorphic effects of harvesting oil aquatic ecosystems have become increasingly utilized tools in the management of fisheries. however, to date traditional modeling approaches have not been found to be very useful as ""surrogate experimental systems"" in applied ecology, such as fishing effects oil entire ecosystems. a review is made of several dynamic ecosystem models, and an effort is made to assess their utility to fisheries management. both theoretical and simulation models, as well as individual-based models are shown to be of limited utility for various reasons. a new paradigm based on the premise that dynamic behavior of models, which includes fishing effects oil the entire aquatic ecosystem, emerges from low-level interactions of independent agents. this concept is illustrated with simple artificial life models of fish schooling and predator-prey relations. these models describe each individual fish, including its interaction with others and the environment. there is no overall controlling program. thus, the overall behavior of the school and predator-prey relations emerge from local interactions among many individuals. a brief description of the premise on which artificial life is based is included. examples of other artificial life models at ecological scales are provided and some specifics on artificial life models in a fisheries context are suggested.",10.1007/978-1-4020-9210-7_14,1.0
a Model of Fe Speciation and Biogeochemistry at the Tropical Eastern North Atlantic Time-Series Observatory Site,"A one-dimensional model of fe speciation and biogeochemistry, coupled with the general ocean turbulence model (gotm) and a npzd-type ecosystem model, is applied for the tropical eastern north atlantic time-series observatory (tenatso) site. among diverse processes affecting fe speciation, this study is focusing on investigating the role of dust particles in removing dissolved iron (dfe) by a more complex description of particle aggregation and sinking, and explaining the abundance of organic fe-binding ligands by modelling their origin and fate. the vertical distribution of different particle classes in the model shows high sensitivity to changing aggregation rates. using the aggregation rates from the sensitivity study in this work, modelled particle fluxes are close to observations, with dust particles dominating near the surface and aggregates deeper in the water column. poc export at 1000 m is a little higher than regional sediment trap measurements, suggesting further improvement of modelling particle aggregation, sinking or remineralisation. modelled strong ligands have a high abundance near the surface and decline rapidly below the deep chlorophyll maximum, showing qualitative similarity to observations. without production of strong ligands, phytoplankton concentration falls to 0 within the first 2 years in the model integration, caused by strong fe-limitation. a nudging of total weak ligands towards a constant value is required for reproducing the observed nutrient-like profiles, assuming a decay time of 7 years for weak ligands. this indicates that weak ligands have a longer decay time and therefore cannot be modelled adequately in a one-dimensional model. the modelled dfe profile is strongly influenced by particle concentration and vertical distribution, because the most important removal of dfe in deeper waters is colloid formation and aggregation. redissolution of particulate iron is required to reproduce an observed dfe profile at tenatso site. assuming colloidal iron is mainly composed of inorganic colloids, the modelled colloidal to soluble iron ratio is lower that observations, indicating the importance of organic colloids.",10.5194/bg-6-2041-2009,0.0
Inference Reasoning on Fishers' Knowledge using Bayesian Causal Maps,"Scientists and managers are not the only holders of knowledge regarding environmental issues: other stakeholders such as farmers or fishers do have empirical and relevant knowledge. thus, new approaches for knowledge representation in the case of multiple knowledge sources, but still enabling reasoning, are needed. cognitive maps and bayesian networks constitute some useful formalisms to address knowledge representations. cognitive maps are powerful graphical models for knowledge gathering or displaying. if they offer an easy means to express individual judgments, drawing inferences in cognitive maps remains a difficult task. bayesian networks are widely used for decision making processes that face uncertain information or diagnosis. but they are difficult to elicitate. to take advantage of each formalism and to overcome their drawbacks, bayesian causal maps have been developed. in this approach, cognitive maps are used to build the network and obtain conditional probability tables. we propose here a complete framework applied on a real problem. from the different views of a group of shellfish dredgers about their activity, we derive a derision facilitating tool, enabling scenarios testing for fisheries management. (c) 2015 elsevier b.v. all rights reserved.",10.1016/j.ecoinf.2015.09.006,1.0
Modelling Acacia Saligna Invasion in a Large Mediterranean Island using Pab Factors: a Tool for Implementing the European Legislation on Invasive Species,"The present study aimed to investigate the role of propagule pressure (p), abiotic (a), and biotic (b) factors (collectively indicated as pab) on the suitability of the mediterranean island of sardinia (italy) to be invaded by the tree acacia saligna, recently included in the list of invasive alien species of european union concern. to this aim, a binomial generalized linear model was applied for disentangling the relationship between 432 a. saligna occurrence records and 10 thematic layers, at high-resolution (10 x10 m), used as proxies for the 3 categories of pab variables. the 432 occurrence records of a. saligna were periodically monitored (period 20002018) to check the persistence of the populations and their invasive status. the predictive power of the model was evaluated by computing the mean of the auc scores, through cross-fold validation. the model adequately described how the pab factors influence the presence of a. saligna which is mainly shaped by abiotic factors such as topography, and biotic factors such as the presence of woody dune vegetation, and to a lesser extent by other predictors. the projection of the model to the whole island clearly shows that suitability varies at the landscape level due to the variation of the pab across the territory. the probability of a. saligna occurrence near the coast is higher in sand dunes. in the internal areas of the island it occurs close to the roads and urban areas. this study and the tested methodology could represent a suitable tool to prioritize areas for the monitoring of a. saligna to meet the requirements of the regulation (eu) no. 1143/2014 on invasive alien species (the ias regulation).",10.1016/j.ecolind.2020.106516,0.0
"Predicting Estuarine Faunal Assemblages using Enduring Environmental Surrogates, with Applications in Systematic Conservation Planning","Conservation planning in estuaries has lagged behind that in terrestrial and marine areas, despite these valuable ecosystems being among the most degraded. the core of any such approach is a reliable habitat classification and inventory of target biota. these data, and particularly the latter, are often lacking at the local-regional scales most relevant to estuarine management. this study presents a quantitative approach for predicting the likely fish and benthic invertebrate assemblages at any unsampled estuarine site using readily-obtainable and enduring biophysical attributes. we apply this scheme to an urbanised estuary and predict the above faunas throughout its entire nearshore zone. these data are then used to systematically design an exploratory spatially-efficient reserve that meets representation targets for numerous faunal conservation features, and test the ability of an existing, unsystematically-derived marine park to do the same. spatial patterns in the enduring biophysical attributes of local-scale habitats provided good to excellent surrogates for those in the fish and invertebrate faunas. all unsampled sites were then successfully assigned to their respective habitat and correlated fauna using biophysical measurements and a predictive decision tree. the resultant spatially-continuous 'faunal map' enabled quantification of 67 conservation features, from which reserves aimed at representing 10-30% of each feature were systematically derived. all reserves were highly efficient and almost always met representation targets, contrasting with the existing marine park which underrepresented 40-80% of features. reserve designs were, however, spread throughout the system, highlighting the complexities in designing representative reserves for estuarine environments that capture their spatiotemporal diversity.",10.1016/j.ocecoaman.2018.08.007,1.0
Scenario Testing of Fisheries Management Strategies using a High Resolution Ersem-Pom Ecosystem Model,"Ecosystem models are just beginning to be considered as management tools. in terms of fishery impacts, dynamic ecosystem models provide an opportunity to make advances because they can both evaluate the state of the system and make predictions about the ecosystem under various fishing scenarios. in the framework of the cost impact project, a complex high-resolution (500 x 500 m grid) ecosystem model was implemented in iraklion bay, crete. several management scenarios were simulated to investigate the impacts of trawling on this particular ecosystem (reductions in fishing area, effort, and mortality). introducing trawling impacts into the model led to increases in pelagic production. all scenarios also resulted in net increases in pelagic production, the level of which, and the degree of spatial variability, was dependent on the particular scenario. changes in pelagic variables were often noted in areas well away from trawled areas. it was also clear that for pelagic variables and processes, depth of trawling is more important than reduction in trawling area, i.e. a scenario banning fishing in waters shallower than 100 m seems to lead to less change in the pelagic system than a scenario that reduces direct mortality to the benthos.",10.1093/icesjms/fsm161,1.0
"Bioeconomic Modeling and Fisheries Management - Clark,cw",,10.2307/1391581,0.0
Assessing and Managing the Threat Posed by Epipremnum Aureum in South Africa,"The predictive success of risk assessments is still largely a function of invasiveness elsewhere. therefore, species that are invasive elsewhere should be prioritised for management, and where possible eradicated. we set out to investigate the threat posed by the alien climber epipremnum aureum ( araceae) and assess techniques for controlling the spread of the species in south africa. epipremnum aureum is highly invasive in hawaii and sri lanka, and has recently been considered as a potential invader in south africa. however, no study has examined the invasion dynamics of the species. we mapped the species' current distribution in south africa, modelled its potential distribution globally, and explored control methods. we only recorded the species in the kwazulu-natal province of south africa, comprising 78 naturalized populations and 321 cultivated populations. delimitation surveys of the naturalized populations revealed similar to 187,000 plants over similar to 3 ha. several of these populations comprised plants as tall as the trees they were growing on, and were often found flourishing in dump sites, along roadsides or as a result of escaping cultivation. species distribution models showed that e. aureum has a high probability of expanding its current range primarily along the coastal regions of south africa and into neighbouring countries on africa's eastern seaboard. due to the invasion threat of the species, we recommend that all plants outside cultivation be removed. to achieve this, we found that applying herbicides to freshly cut stems significantly reduced plant growth. given the species' limited dispersal ability and effective chemical control methods, we propose that e. aureum should be listed as category 3 under nem: ba a&is regulations, i.e. naturalized populations need to be managed, it cannot be propagated or sold in future, but current garden plantings may remain. (c) 2016 saab. published by elsevier b.v. all rights reserved.",10.1016/j.sajb.2016.12.005,0.0
Comparing the Ecological Relevance of Four Wave Exposure Models,"Wave exposure is one of the main structuring forces in the marine environment. methods that enable large scale quantification of environmental variables have become increasingly important for predicting marine communities in the context of spatial planning and coastal zone management. existing methods range from cartographic solutions to numerical hydrodynamic simulations, and differ in the scale and spatial coverage of their outputs. using a biological exposure index we compared the performance of four wave exposure models ranging from simple to more advanced techniques. all models were found to be related to the biological exposure index and their performance, measured as bootstrapped r-2 distributions, overlapped. qualitatively, there were differences in the spatial patterns indicating higher complexity with more advanced techniques. in order to create complex spatial patterns wave exposure models should include diffraction, especially in coastal areas rich in islands. the inclusion of wind strength and frequency, in addition to wind direction and bathymetry, further tended to increase the amount of explained variation. the large potential of high-resolution numerical models to explain the observed patterns of species distribution in complex coastal areas provide exciting opportunities for future research. easy access to relevant wave exposure models will aid large scale habitat classification systems and the continuously growing field of marine species distribution modelling, ultimately serving marine spatial management and planning. (c) 2014 elsevier ltd. all rights reserved.",10.1016/j.ecss.2014.01.008,0.0
Combining Mesocosms with Models Reveals Effects of Global Warming and Ocean Acidification on a Temperate Marine Ecosystem,"Ocean warming and species exploitation have already caused large-scale reorganization of biological communities across the world. accurate projections of future biodiversity change require a comprehensive understanding of how entire communities respond to global change. we combined a time-dynamic integrated food web modeling approach (ecosim) with previous data from community-level mesocosm experiments to determine the independent and combined effects of ocean warming, ocean acidification and fisheries exploitation on a well-managed temperate coastal ecosystem. the mesocosm parameters enabled important physiological and behavioral responses to climate stressors to be projected for trophic levels ranging from primary producers to top predators, including sharks. through model simulations, we show that under sustainable rates of fisheries exploitation, near-future warming or ocean acidification in isolation could benefit species biomass at higher trophic levels (e.g., mammals, birds, and demersal finfish) in their current climate ranges, with the exception of small pelagic fishes. however, under warming and acidification combined, biomass increases at higher trophic levels will be lower or absent, while in the longer term reduced productivity of prey species is unlikely to support the increased biomass at the top of the food web. we also show that increases in exploitation will suppress any positive effects of human-driven climate change, causing individual species biomass to decrease at higher trophic levels. nevertheless, total future potential biomass of some fisheries species in temperate areas might remain high, particularly under acidification, because unharvested opportunistic species will likely benefit from decreased competition and show an increase in biomass. ecological indicators of species composition such as the shannon diversity index decline under all climate change scenarios, suggesting a trade-off between biomass gain and functional diversity. by coupling parameters from multilevel mesocosm food web experiments with dynamic food web models, we were able to simulate the generative mechanisms that drive complex responses of temperate marine ecosystems to global change. this approach, which blends theory with experimental data, provides new prospects for forecasting climate-driven biodiversity change and its effects on ecosystem processes.",10.1002/eap.2977,1.0
Ecosystem Modeling in the Northeastern United States: a Comment on Sivel et Al,"Sivel et al. reviewed ecosystem models applied in the northeast us (neus). their conclusions and recommendations have significant implications for the use and adoption of ecosystem modeling in the neus, elsewhere in the usa, and around the world, especially in the context of operational management of living marine resources. sivel et al. claim that neus ecosystem modeling (1) has no standards for evaluation, (2) largely has not considered climate change, (3) has not largely considered or been used in management strategy evaluations, (4) has had modelers in the neus that mostly do not communicate with ecosystem modelers in other regions, (5) has not updated or been cognizant of ecological theory as seen in outputted indicators, and (6) has not been used to advance ecosystem-based (fisheries) management nor that any advancement of ebm is occurring. their conclusions are based on incomplete information and, as a result, are inaccurate. their recommendations are general or self-evident enough such that no one would disagree with them, but are also dated in that they miss that such recommendations have already been made (often decades earlier) and are already being adopted. i refute all of this with factual evidence that was not included in their review. because these ecosystem models are used in an operational context, the implications that these models were not adequately built, reviewed, or used undermines confidence in their application. i conclude with a few other lessons for the broader marine science community. i share the authors' goal to increase the potential move of neus, us, and global fisheries management towards ecosystem-based management frameworks, and trust that this commentary provides a more complete status of the state of neus (and broader) ecosystem modeling employed operationally for living marine resource management. i provide the comments herein not to discourage sivel et al., but rather (1) to encourage them and the entire community to consider some of the broader things that can be commonly missed in reviews like what they presented, and (2) to ensure that misleading messages that can be damaging to the ecosystem modeling enterprise are corrected.",10.1093/icesjms/fsaf210,1.0
Within-Population Variations in Home Range Use and Food Patch Use of Japanese Macaques: a Perspective of Intergroup Hostility,"Behavioral mechanisms of intergroup feeding competition remain unclear, despite its importance as a benefit of group living. japanese macaques in the coastal and highland forests of yakushima, japan, are ideal study subjects because the intensity of intergroup feeding competition differs without phylogenetic effects. we aimed to test whether macaques modify home range use and food patch use in response to the location-specific risk of intergroup encounters. using behavioral data from 3 groups, we examined the border avoidance and the effects of food patch location on food patch use. all 3 groups used the border less frequently than expected from its area. in the coastal forest characterized by frequent intergroup aggression, the smaller subordinate group, not the larger dominant group, increased the number of co-feeding individuals along the border. this response might reduce the potential costs of intergroup aggression. feeding duration in one patch, visual scanning, and co-feeding with adult males did not depend on food patch location for the 2 groups. in contrast, the highland group did not modify food patch use along the border owing to the low risk of intergroup encounters. our results highlight the importance of intergroup hostility as a social factor affecting animal behavior.",10.1159/000493574,0.0
Integrated Coastal-Terrestrial Conservation Planning for Landscape-Scale Reserve Design in Southeastern Iran,"Natural habitats of southeastern iran are threatened by both natural and anthropogenic pressures such as longterm drought, dust storms, and land use change. surveys on habitat suitability of vulnerable species and integration of protected areas have raised alarm over potential species extinction and geographical isolation of populations. reducing the threats of human activities on sensitive terrestrial and coastal ecosystems requires integrated planning and management of terrestrial and coastal protected areas, however many of these areas have been selected and managed independently. selecting coastal protected areas network require a systematic conservation planning approach, to reduce the development impacts on sensitive habitats. therefore, this study aimed to identify an optimized integrative network of terrestrial and coastal protected areas in southeast iran. an attempt was made to maximize biodiversity conservation, reduce the isolation of populations, and increase the resilience of the region's natural habitats to new development plans by including coastal habitats meeting the requirements of key species. firstly, suitable habitats for seven key species were simulated by species distribution models (sdms) performed via generalized linear model (glm), generalized boosted model (gbm), random forest (rf), and maximum entropy (maxent) models fitted with 20 ecological and anthropogenic variables. a habitat suitability map was produced by integrating the sdm-derived habitat suitability maps with the suitable extents identified for egg-laying green sea turtle and potential habitat for aquatic and semi-aquatic birds. an attempt was then made for selecting new terrestrial and coastal protected areas using the simulated annealing algorithm under six scenarios. all sdms exhibited promising performances in predicting the distribution of suitable habitats with auc values of above 0.8 and the discrimination power of gbm and rf was higher than that of the other sdms. in total, more than 34 percent of the study area, along the coastline, was categorized as sensitive or extremely sensitive habitat. an east-west habitat corridor presently unprotected playing an important role in connecting habitats needs to be safeguarded to maintain regional biodiversity. moreover, our study revealed that the majority of suitable habitats with high potential for sensitive species are not currently protected by the existing protected area network.",10.1016/j.ecolind.2019.03.006,1.0
Preventing the Collapse of the Baltic Cod Stock Through an Ecosystem-Based Management Approach,"Worldwide a number of fish stocks have collapsed because of overfishing and climate-induced ecosystem changes. developing ecosystem-based fisheries management (ebfm) to prevent these catastrophic events in the future requires ecological models incorporating both internal food-web dynamics and external drivers such as fishing and climate. using a stochastic food-web model for a large marine ecosystem (i.e., the baltic sea) hosting a commercially important cod stock, we were able to reconstruct the history of the stock. moreover we demonstrate that in hindsight the collapse could only have been avoidable by adapting fishing pressure to environmental conditions and food-web interactions. the modeling approach presented here represents a significant advance for ebfm, the application of which is important for sustainable resource management in the future.",10.1073/pnas.0906620106,1.0
"Navigating Stress: Impacts of Temperature, Polycyclic Aromatic Hydrocarbons, and Heavy Metals on the Diatom Thalassiosira Weissflogii Adapted to Tropical Waters of the Gulf of Guinea","This study evaluated the individual and combined impacts of temperature, pyrene, and cadmium on the coastal diatom thalassiosira weissflogii under conditions representative of the gulf of guinea. in the individual stressor experiments, time, rather than temperature or individual pollutants, was the primary factor influencing growth parameters. specifically, temperature modulated diatom growth with optimal performance at 28 degrees c, while 24 degrees c and 32 degrees c conditions reduced cell density, chlorophyll-a content, and dry biomass. on the other hand, pyrene significantly affected cell density and dry biomass, while cadmium elicited minimal effects on all measured parameters. in combined stressor experiments, the negative impacts of pyrene and cadmium combinations were more exacerbated at 24 degrees c and 32 degrees c, whereas optimal thermal conditions (28 degrees c) provided partial mitigation from exposure to stressors. these findings highlight the crucial role of temperature in modulating the effects of pollutants on thalassiosira weissflogii, with combined stress having the greatest impact under non-optimal temperature conditions. additionally, the study underscores the temperature sensitivity of thalassiosira weissflogii in tropical ecosystems and offers insights into how the simultaneous stressors of rising ocean temperatures and increasing pollution may affect tropical phytoplankton dynamics and primary productivity. lastly, the study emphasizes the importance of incorporating thermal thresholds into marine ecosystem models to more accurately predict shifts in coastal and oceanic food webs under climate change scenarios.",10.1016/j.aquatox.2025.107388,0.0
Incorporating Reef Fish Avoidance Behavior Improves Accuracy of Species Distribution Models,"Species distribution models (sdms) are used to interpret and map fish distributions based on habitat variables and other drivers. reef fish avoidance behavior has been shown to vary in the presence of divers and is primarily driven by spearfishing pressure. diver avoidance behavior or fish wariness may spatially influence counts and other descriptive measures of fish assemblages. because fish assemblage metrics are response variables for sdms, measures of fish wariness may be useful as predictors in sdms of fishes targeted by spearfishing. we used a diver operated stereo-video system to conduct fish surveys and record minimum approach distance (mad) of targeted reef fishes inside and outside of two marine reserves on the island of o'ahu in the main hawaiian islands. by comparing mad between sites and management types we tested the assumption that it provides a proxy for fish wariness related to spearfishing pressure. we then compared the accuracy of sdms which included mad as a predictor with sdms that did not. individual measures of mad differed between sites though not management types. when included as a predictor, mad averaged at the transect level greatly improved the accuracy of sdms of targeted fish biomass.",10.7717/peerj.9246,0.0
Exploring the Role of Different Data Types and Timescales in the Quality of Marine Biogeochemical Model Calibration,"Global biogeochemical ocean models help to investigate the present and potential future state of the ocean, its productivity and cascading effects on higher trophic levels such as fish. they are often subjectively tuned against data sets of inorganic tracers and surface chlorophyll and only very rarely against organic components such as particulate organic carbon or zooplankton. the resulting uncertainty in biogeochemical model parameters (and parameterisations) associated with these components can explain some of the large spread of global model solutions with regard to the cycling of organic matter and its impacts on biogeochemical tracer distributions, such as oxygen minimum zones (omzs). a second source of uncertainty arises from differences in the model spin-up length as, so far, there seems to be no agreement on the required simulation time that should elapse before a global model is assessed against observations.we investigated these two sources of uncertainty by optimising a global biogeochemical ocean model against the root-mean-squared error (rmse) of six different combinations of data sets and different spin-up times. besides nutrients and oxygen, the observational data sets also included phyto- and zooplankton, as well as dissolved and particulate organic phosphorus (dop and pop, respectively). we further analysed the optimised model performance with regard to global biogeochemical fluxes, oxygen inventory and omz volume.following the optimisation procedure, we evaluated the rmse for all tracers located in the upper 100 m (except for pop, for which we considered the entire vertical domain), regardless of their consideration during optimisation. for the different optimal model solutions, we find a narrow range of the rmse, between 14 % of the average rmse after 10 years and 24 % after 3000 years of simulation. global biogeochemical fluxes, global oxygen bias and omz volume showed a much stronger divergence among the models and over time than rmse, indicating that even models that are similar with regard to local surface tracer concentrations can perform very differently when assessed against the global diagnostics for oxygen. considering organic tracers in the optimisation had a strong impact on the particle flux exponent (martin b) and may reduce much of the uncertainty in this parameter and the resulting deep particle flux. independent of the optimisation setup, the omz volume showed a particularly sensitive response with strong trends over time, even after 3000 years of simulation time (despite the constant physical forcing); a high sensitivity to simulation time; and the highest sensitivity to model parameters arising from the tuning strategy setup (variation of almost 80 % of the ensemble mean).in conclusion, calibration against observations of organic tracers can help to improve global biogeochemical models even after short spin-up times; here especially, observations of deep particle flux could provide a powerful constraint. however, a large uncertainty remains with regard to global omz volume and its evolution over time, which can show very dynamic behaviour during the model spin-up, which renders temporal extrapolation to a final equilibrium state difficult if not impossible. given that the real ocean shows variations on many timescales, the assumption of observations representing a steady-state ocean may require some reconsideration.",10.5194/bg-20-2645-2023,0.0
"Application of Species Distribution Models to Explain and Predict the Distribution, Abundance and Assemblage Structure of Nearshore Temperate Reef Fishes","Aim the purpose of this study was to create predictive species distribution models (sdms) for temperate reef-associated fish species densities and fish assemblage diversity and richness to aid in marine conservation and spatial planning. location california, usa. methods using generalized additive models, we associated fish species densities and assemblage characteristics with seafloor structure, giant kelp biomass and wave climate and used these associations to predict the distribution and assemblage structure across the study area. we tested the accuracy of these predicted extrapolations using an independent data set. the sdms were also used to estimate larger scale abundances to compare with other estimates of species abundance (uniform density extrapolation over rocky reef and density extrapolations taking into account variations in geomorphic structure). results the sdms successfully modelled the species-habitat relationships of seven rocky reef-associated fish species and showed that species' densities differed in their relationships with environmental variables. the predictive accuracy of the sdms ranged from 0.26 to 0.60 (pearson's r correlation between observed and predicted density values). the sdms created for the fish assemblage-level variables had higher prediction accuracies with pearson's r values of 0.61 for diversity and 0.71 for richness. the comparisons of the different methods for extrapolating species densities over a single marine protected area varied greatly in their abundance estimates with the uniform extrapolation (density values extrapolated evenly over the rocky reef) always estimating much greater abundances. the other two methods, which took into account variation in the geomorphic structure of the reef, provided much lower abundance estimates. main conclusions species distribution models that combine geomorphic, oceanographic and biogenic habitat variables can reliably predict spatial patterns of species density and assemblage attributes of temperate reef fishes at spatial scales of 50m. thus, sdms show great promise for informing spatial and ecosystem-based approaches to conservation and fisheries management.",10.1111/ddi.12378,1.0
Modelling Emergent Trophic Strategies in Plankton,"Plankton are typically divided into phytoplankton and zooplankton in marine ecosystem models. yet, most protists in the photic zone engage in some degree of phagotrophy, and it has been suggested that trophic strategy is really a continuum between pure phototrophs (phytoplankton) and pure phagotrophs (unicellular zooplankton). such a continuum of trophic strategies is well represented by trait-based modelling techniques. a key model ingredient is the size of individual cells, as size constrains affinities for nutrient uptake, photosynthesis and active encounter with other cells. we outline a general trait-based model of a unicellular planktonic organism where size is a central trait and where nutrient uptake, photosynthesis and phagotrophy are determined by investments into these functions and by the physical constraints imposed by organism size. this framework provides simple predictions of how trophic strategy correlates with size.",10.1093/plankt/fbv054,0.0
"Cold Blood in Warming Waters: Effects of Air Temperature, Precipitation, and Groundwater on Gulf Sturgeon Thermal Habitats in a Changing Climate","Objective in a changing climate, the effects of air temperature, precipitation, and groundwater on water temperature and thermal habitat suitability for gulf sturgeon acipenser desotoi, listed as threatened under the u.s. endangered species act, are not well understood. hence, we incorporated these factors into thermal habitat models to forecast how gulf sturgeon may be affected by wide-ranging climate change scenarios in 2024-2074.methodsusing data from the choctawhatchee river, florida, we developed precipitation- and groundwater-corrected air-water temperature models, compared their accuracy with that of conventional air-water temperature models used in fisheries management, and projected future gulf sturgeon thermal habitat suitability for normal physiological functioning and fieldwork (i.e., population sampling and telemetry surgeries) in summer (may-august) under 16 climate change scenarios.resultprecipitation- and groundwater-corrected models were more accurate than conventional air-water temperature models (mean improvement in adjusted r2 = +0.45; range = +0.09 to +0.75). water temperature was projected to warm at widely variable rates across climate change scenarios encompassing different air temperature, precipitation, and groundwater regimes. importantly, gulf sturgeon summer aggregation areas were cooler and influenced more by precipitation and groundwater and less by air temperature than were non-aggregation areas. if precipitation and groundwater-as drivers of cooling-become warm in a changing climate, summer aggregation areas were projected to exhibit thermal habitat degradation equivalent to or greater than that of non-aggregation areas.conclusionour results add hydrological context to the premise that aggregation areas provide cool water and energetic savings for gulf sturgeon during summer, underscoring the importance of protecting these habitats through groundwater conservation, water quality monitoring, and riparian/watershed habitat management. our findings indicate that identifying thermally appropriate times for fieldwork activities will be increasingly important and time-restricted as climate change intensifies. however, our research provides managers with a portfolio of water temperature models and an accurate, cost-effective, management-relevant approach to forecasting thermal habitat conditions for gulf sturgeon and other species in a changing climate. impact statement water temperature models with precipitation and groundwater are accurate and useful, allowing managers to locate key thermal habitats, forecast temperatures, and decide when and where to safely target, capture, tag, and monitor gulf sturgeon and other species amid climate change.",10.1002/nafm.11028,0.0
Integrating Citizen Science Data with Expert Surveys Increases Accuracy and Spatial Extent of Species Distribution Models,"Aim information on species' habitat associations and distributions, across a wide range of spatial and temporal scales, is a fundamental source of ecological knowledge. however, collecting information at relevant scales is often cost prohibitive, although it is essential for framing the broader context of more focused research and conservation efforts. citizen science has been signalled as an increasingly important source to fill in data gaps where information is needed to make comprehensive and robust inferences on species distributions. however, there are perceived trade-offs of combining highly structured, scientific survey data with largely un-structured, citizen science data. methods we explore these trade-offs by applying a simplified approach of filtering citizen science data to resemble structured survey data and analyse both sources of data under a common framework. to accomplish this, we integrated high-resolution survey data on shorebirds in the northern central valley of california with observations in ebird for the entire region that were filtered to improve their quality. results the integration of survey data with the filtered citizen science data resulted in improved inference and increased the extent and accuracy of distribution models on shorebirds for the central valley. the structured surveys improved the overall accuracy of ecological inference over models using citizen science data only by increasing the representation of data collected from high-quality habitats for shorebirds. main conclusions the practical approach we have shown for data integration can also be used to improve the efficiency of designing biological surveys in the context of larger, citizen science monitoring efforts, ultimately reducing the financial and time expenditures typically required of monitoring programs and focused research. the simple method we present can be used to integrate other types of data with more localized efforts, ultimately improving our ecological knowledge on the distribution and habitat associations of species of conservation concern worldwide.",10.1111/ddi.13068,0.0
Ecological Research for Aquatic Science and Environmental Restoration in South Florida,"The theme of this feature-the land-water interface: science for a sustainable biosphere-provides a forum to highlight the relationship between science and resource management, using restoration of the kissimmee-okeechobee-everglades (koe) ecosystem of south florida as a case study. this subtropical ecosystem encompasses 16 counties and 44 000 km(2), from the kissimmee chain of lakes in central florida to the shallow estuarine waters of florida bay, and is within the jurisdiction of the south florida water management district. during the next two decades, the floodplain and channel of the kissimmee river will be re-coupled into a meandering river system with riparian wetlands and a more natural hydrology. an evaluation program on this restoration has been designed using ecological concepts and will provide opportunities to corroborate river/floodplain theory and document the varied responses of biotic communities to hydrological restoration. the evaluation program will provide the information needed for adaptive management of the river/floodplain ecosystem. scientists and engineers are testing an array of ecological hypotheses on lake okeechobee, a central feature of the koe ecosystem, to reduce uncertainty in predicting responses to nutrient loading, lake stage variation, and exotic species invasion. research on the lake has clarified the linkage between physical factors, nutrient levels and biotic variables, and the frequency of algal blooms. this information has been used to support decisions and plans for managing the lake and its watershed. restoration of the florida everglades is grounded in a diverse suite of scientific projects that are contributing to wetland science, ecosystem modeling, and restoration ecology. studies on the effects of nutrients on wetland ecosystem structure and function have provided information at several spatial scales which is being applied directly to management issues. findings from research and monitoring have been crucial in supporting decisions on the completion of six large stormwater treatment areas in the everglades construction project. at the southern edge of the ecosystem, florida bay has been the focus of intensive research leading to changing paradigms on the relative effects of nutrients, turbidity, physical factors, and fresh water on the functions of this unique estuary. scientific findings on the bay support the current direction of management actions to increase freshwater inputs from the southern everglades, although much remains to be learned about this subtropical system. management-oriented research has contributed to a large increase in the rate of scientific publication on the koe ecosystem. approximately 1500 articles have been published on the system in the 1990s, and these have contributed to advancing basic science as well as resource management. ecological reports being published on the ecosystem use state-of-the-art approaches to time and space scales and appropriate blends of monitoring, experimentation, and modeling. peer review and interagency cooperative planning have fostered relevant, timely, and objective science. the application of science to decision making in adaptive resource management plays an important role by clarifying those facts and concepts with the most significant predictive value for management and heuristic value for fundamental science. improvement of the science-management linkage in south florida and elsewhere awaits better interaction between scientists and managers in planning research and more effective communication of research findings. relevant scientific information of high quality, particularly when published in the peer-reviewed literature, cannot be distorted easily and is vital to support informed and equitable social choices in the decision-making process.",10.1890/1051-0761(2000)010[0990:ERFASA]2.0.CO;2,0.0
Marine Protected Areas for Resilience and Economic Development,"In this research, we attempt to give a comparative analysis of the space allocation of multiple-use marine protected areas (mpas) including but not limited to the introduction of aquaculture in the area. specifically, we consider the case where there is a need to develop mpas for the conservation of the environment and ecological diversity. there is also a prevailing call for the establishment of aquaculture activities within the area to meet societal demands. although aquaculture has negative externalities on mpas, it helps to reduce the pressure on the capture fishery and increases the supply of fish. we develop a deterministic bioeconomic model that describes the transition dynamics and interrelationships of the systems. we find an optimal aquaculture size relative to the optimal size of mpas that maximizes the overall economic and ecological benefits. using numerical methods we determine the trajectory of optimal solutions, the recovery rate of the stocks in and outside the mpas, and the expansion rate of the aquaculture. sensitivity analysis was also performed to see the effect of a change in the parameters on the optimal solutions. the numerical results show that mpas are resilient after the implementation of aquaculture. moreover, the effectiveness of the optimized management system mainly depends on the cooperative planning between the capture fishery and aquaculture managers.",10.1051/alr/2023016,1.0
Modelling the Influence of Climate Drivers on the Spatial Distribution of Scads along the West Coast of India,"In the context of climate change-driven oceanic shifts, understanding the spatial distribution of commercially important fish species is crucial for sustainable fisheries management. in 2022, the mainland coast of india reported marine fish landings of 3.49 million tonnes, reflecting a 14.53 % growth compared to 2021. notably, scads contributed significantly, with landings of 1.63 lakh tonnes, emphasizing the necessity of studying their spatial distribution along the indian coastline. this study employs species distribution models (sdms) to predict the potential habitat niches of scads along the west coast of indian exclusive economic zone (eez) by dividing it into 446 grids, each spanning 0.5 degrees x 0.5 degrees and integrating key environmental variables such as sea surface temperature, salinity, chlorophyll concentration, dissolved oxygen, ph, and bathymetry. passive georeferencing approach was adopted to derive the probable fishing grounds of the resource, which were further combined with environmental factors to build a comprehensive spatial database. the sdms utilized this dataset to examine the relationship between scads' presence/ absence on these grids and environmental variables. a series of sdms were fitted to the data and compared the model efficiency in terms of tss and auc scores. further, an ensemble modelling approach was adopted to enhance prediction accuracy, synthesizing outputs from multiple models. results demonstrated a strong influence of environmental factors viz., chlorophyll (chl) and sea surface salinity (sss) on scads' spatial distribution and provided reliable predictions of their potential habitats. these validated models were then applied to predict the potential distribution of scads along the west coast of india under varying climatic scenarios (ssp2, ssp3 & ssp5), it is observed that in the near future, scads are projected to experience significant range loss to changing environmental conditions.",10.1016/j.rsma.2025.104171,0.0
Optimality-Based Non-Redfield Plankton-Ecosystem Model (Opem V1.1) in Uvic-Escm 2.9-Part 1: Implementation and Model Behaviour,"Uncertainties in projections of marine biogeochemistry from earth system models (esms) are associated to a large degree with the imperfect representation of the marine plankton ecosystem, in particular the physiology of primary and secondary producers. here, we describe the implementation of an optimality-based plankton-ecosystem model (opem) version 1.1 with variable carbon : nitrogen : phosphorus (c : n : p) stoichiometry in the university of victoria esm (uvic; eby et al., 2009; weaver et al., 2001) and the behaviour of two calibrated reference configurations, which differ in the assumed temperature dependence of diazotrophs. predicted tracer distributions of oxygen and dissolved inorganic nutrients are similar to those of an earlier fixed-stoichiometry formulation in uvic (nickelsen et al., 2015). compared to the classic fixed-stoichiometry uvic model, opem is closer to recent satellite-based estimates of net community production (ncp), despite overestimating net primary production (npp), can better reproduce deep-ocean gradients in the no3- : po43- ratio and partially explains observed patterns of particulate c : n : p in the surface ocean. allowing diazotrophs to grow (but not necessarily fix n-2) at similar temperatures as other phytoplankton results in a better representation of surface chl and npp in the arctic and antarctic oceans. deficiencies of our calibrated opem configurations may serve as a magnifying glass for shortcomings in global biogeochemical models and hence guide future model development. the overestimation of npp at low latitudes indicates the need for improved representations of temperature effects on biotic processes, as well as phytoplankton community composition, which may be represented by locally varying parameters based on suitable trade-offs. the similarity in the overestimation of npp and surface autotrophic particulate organic carbon (poc) could indicate deficiencies in the representation of top-down control or nutrient supply to the surface ocean. discrepancies between observed and predicted vertical gradients in particulate c v n v p ratios suggest the need to include preferential p remineralisation, which could also benefit the representation of n-2 fixation. while opem yields a much improved distribution of surface n* (no3- - 16 . po43- + 2.9 mmol m(-3)), it still fails to reproduce observed n* in the arctic, possibly related to a misrepresentation of the phytoplankton community there and the lack of benthic denitrification in the model. coexisting ordinary and diazotrophic phytoplankton can exert strong control on n* in our simulations, which questions the interpretation of n* as reflecting the balance of n-2 fixation and denitrification.",10.5194/gmd-13-4663-2020,0.0
Dietary Acculturation and Eating Habits of Ukrainian Children in Finland: a Socio-Ecological Framework Analysis,"The russian invasion of ukraine displaced millions of children who face acute stress and require rapid adaptation to unfamiliar environments, potentially affecting lifelong health outcomes. this qualitative study explored factors influencing dietary acculturation and eating habits of ukrainian children resettled in finland. five focus groups were conducted in august 2024 with 16 mothers and 12 children (aged 8-13 years) recruited through the ukrainian association in finland. interviews were conducted in ukrainian, and transcripts were analysed in english using atlas.ti software, applying a socio-ecological framework to identify drivers and barriers across societal, school, family, and child levels. major barriers included financial constraints and unfamiliar mixed ingredients in school meals at societal and school levels; strict adherence to ukrainian food practices, unstructured snacking, and stress eating at family level; and resistant food preferences and picky eating at child level. key drivers were affordable fresh produce and fish availability, free school lunches, and immigrant support; mandatory meal attendance, repeated exposure, and early food education; transition to bicultural eating patterns and adopting finnish parental practices; and gradual food tasting and increased vegetable and fish consumption. age-dependent patterns emerged as both barriers and drivers, with younger children showing less entrenched preferences and stronger peer conformity, facilitating dietary change, while older children's established tastes hindered acculturation. dietary acculturation is shaped by multi-level factors, including children's age, family practices, food policy, and finland's supportive context. quantitative studies are needed to confirm findings across socio-ecological levels.",10.1016/j.appet.2026.108464,0.0
Theories and Behavioural Drivers Underlying Fleet Dynamics Models,"In the domain of decision-support tools for the management of marine fish resources, considerable attention has been paid to the development of models explaining how fish stocks change over space and time. in most models, fishing effort is assumed to be exogenous and determined by factors such as management. increasingly, there has been a call for bio-economic models to also account for the dynamics of fishing fleets, recognizing that fishers respond to changing environmental, institutional and economic conditions. a growing literature has sought to explicitly model the endogenous determinants of the capacity of fishing fleets, the intensity of its use and its temporal and spatial allocation across fishing opportunities. we review this literature, focusing on empirical applications of the behavioural models that have been put forward to explain and predict observed fleet dynamics. we find that although economic factors are usually included as a dominant driver in most studies, this is often based on the use of proxy variables for the key economic drivers, for which adequate data are lacking. also, while many studies acknowledge that social and socialpsychological factors play a significant role in explaining observed fishing behaviour, their inclusion in fishing fleet dynamic models is still very limited. progress in this domain can only be achieved via the development of multidisciplinary research programmes focusing on applied quantitative analysis of the drivers of fishing fleet dynamics.",10.1111/j.1467-2979.2011.00430.x,1.0
Bio-Economic Modelling as a Method for Determining Economic Weights for Optimal Multiple-Trait Tree Selection,"A bio-economic model provides a framework for simultaneously considering breeding, management, and production decisions. such a model should result in optimal breeding (and silvicultural) objectives if main goals of a production system are well defined. historically estimation of economic weights for breeding-objective traits has been based on partial regressions and profit functions relating only to certain parts of the production system. a bio-economic model includes effects of growth rate, branching, form, and wood quality on all production system components and on overall profitability of an integrated production system. however, long rotation cycles in forestry make determination of relative economic values for the breeding-objective traits particularly difficult. when modelling complex systems under uncertainty about future production goals, there are necessary trade offs between the complexity of the model and the use of simplifying assumptions.",10.1515/sg-2010-0010,0.0
Trends in Marine Species Distribution Models: a Review of Methodological Advances and Future Challenges,"Correlative species distribution models (sdms) are quantitative tools in biogeography and macroecology. building upon the ecological niche concept, they correlate environmental covariates to species presence to model habitat suitability and predict species distributions. since their development, sdms have undergone substantial advances in their predictive accuracy, benefiting from increased data availability, advanced machine learning algorithms, novel data integration procedures, refined model validation techniques, and incorporation of biotic predictors. although initially applied in terrestrial systems, these models are now also widely used in the marine environment, recognized for their value in conservation planning, fisheries management, and understanding species responses to climate variability and change. despite their increased application, sdms face unique challenges when applied in the marine environment. these challenges include the three-dimensional complexity of marine ecosystems, the availability of environmental covariates across suitable spatial and temporal scales, the dynamic properties of these covariates, and unique dispersal patterns and mobility traits of marine species. here, we review recent methodological advances and emerging trends in marine sdms. we highlight three-dimensional modelling approaches that capture species distributions below the sea surface and assess the importance of temporal resolution, particularly for modelling highly mobile marine species in dynamic marine environments. further, we discuss the expansion in the types of occurrence data being used, including fishery-dependent and fishery-independent sources, citizen science contributions, and satellite tracking data, along with the methods used to address their associated biases. we also explore and discuss novel methodologies for environmental data collection, such as remote-sensing technologies and numeric ocean models, considering the existing limitations in spatial and temporal resolution. together, our review synthesizes methodological innovations, highlights ongoing challenges, and discusses emerging trends within the extensive literature on marine sdms.",10.1002/ecog.07702,1.0
Spatial Patterns and Species Distribution Model-Based Conservation Priorities for Scrophularia Takesimensis on Ulleungdo,"Conserving near-shore island endemics requires workflows that are robust to small, spatially clustered samples and that translate species distribution model (sdm) into regulation-ready actions. we formalize a transferable sdm-to-action blueprint-(i) cluster-aware spatial holdout (leave-one-cluster-out, loco), (ii) conservative, high-specificity binarization paired with simple ecological filters, and (iii) explicit area-band uncertainty-and apply it to the ulleungdo (republic of korea) endemic scrophularia takesimensis. we combined 2008-2024 field records with a 5 m resolution maxent model (linear-quadratic features; regularization rm = 1.40) using 28 unique presences versus 744 background points sampled within an accessible coastal belt (300 m from shore). under loco, the model generalized well (auc = 0.984 +/- 0.014; partial auc at specificity of at least 0.90 = 0.935; relrmse = 0.107) and mapped a narrow near-shore suitability belt with a continuous northern-northeastern core and fragmented southern-eastern satellites. to obtain a regulation-ready map, we converted continuous suitability to binary using a cutoff that achieved specificity of at least 0.98 under spatial holdout (threshold: 0.472; baseline: 300 m) and applied two ecological filters (retain areas within 90 m of shoreline; remove patches < 75 m(2)), yielding a core of 1.148 km(2) that captured 71.4% of recent records with zero leakage beyond the belt after post-processing. accessible-mask sensitivity (masks of 300, 450, and 600 m) bounded the post-processed core to 0.930-1.593 km(2) (coverage: 0.607-0.789), which we carry forward as a planning area band. we translate these results into a tiered plan: protect the near-shore core, reconnect the fragmented southern and eastern stretches, and survey the highest-ranked coastal segments. beyond this case, the blueprint generalizes to other small-n near-shore endemics, offering a transparent path from the sdm to policy while clarifying that, given static predictors, inferences concern present-day suitability rather than climate change forecasting.",10.3390/plants14223498,0.0
Climate Change-Contaminant Interactions in Marine Food Webs: Toward a Conceptual Framework,"Climate change is reshaping the way in which contaminants move through the global environment, in large part by changing the chemistry of the oceans and affecting the physiology, health, and feeding ecology of marine biota. climate change-associated impacts on structure and function of marine food webs, with consequent changes in contaminant transport, fate, and effects, are likely to have significant repercussions to those human populations that rely on fisheries resources for food, recreation, or culture. published studies on climate change-contaminant interactions with a focus on food web bioaccumulation were systematically reviewed to explore how climate change and ocean acidification may impact contaminant levels in marine food webs. we propose here a conceptual framework to illustrate the impacts of climate change on contaminant accumulation in marine food webs, as well as the downstream consequences for ecosystem goods and services. the potential impacts on social and economic security for coastal communities that depend on fisheries for food are discussed. climate change-contaminant interactions may alter the bioaccumulation of two priority contaminant classes: the fat-soluble persistent organic pollutants (pops), such as polychlorinated biphenyls (pcbs), as well as the protein-binding methylmercury (mehg). these interactions include phenomena deemed to be either climate change dominant (i.e., climate change leads to an increase in contaminant exposure) or contaminant dominant (i.e., contamination leads to an increase in climate change susceptibility). we illustrate the pathways of climate change-contaminant interactions using case studies in the northeastern pacific ocean. the important role of ecological and food web modeling to inform decision-making in managing ecological and human health risks of chemical pollutants contamination under climate change is also highlighted. finally, we identify the need to develop integrated policies that manage the ecological and socioeconomic risk of greenhouse gases and marine pollutants.",10.1111/gcb.13667,0.0
"Smart: a Spatially Explicit Bio-Economic Model for Assessing and Managing Demersal Fisheries, with an Application to Italian Trawlers in the Strait of Sicily","Management of catches, effort and exploitation pattern are considered the most effective measures to control fishing mortality and ultimately ensure productivity and sustainability of fisheries. despite the growing concerns about the spatial dimension of fisheries, the distribution of resources and fishing effort in space is seldom considered in assessment and management processes. here we propose smart (spatial management of demersal resources for trawl fisheries), a tool for assessing bio-economic feedback in different management scenarios. smart combines information from different tasks gathered within the european data collection framework on fisheries and is composed of: 1) spatial models of fishing effort, environmental characteristics and distribution of demersal resources; 2) an artificial neural network which captures the relationships among these aspects in a spatially explicit way and uses them to predict resources abundances; 3) a deterministic module which analyzes the size structure of catches and the associated revenues, according to different spatially-based management scenarios. smart is applied to demersal fishery in the strait of sicily, one of the most productive fisheries of the mediterranean sea. three of the main target species are used as proxies for the whole range exploited by trawlers. after training, smart is used to evaluate different management scenarios, including spatial closures, using a simulation approach that mimics the recent exploitation patterns. results evidence good model performance, with a noteworthy coherence and reliability of outputs for the different components. among others, the main finding is that a partial improvement in resource conditions can be achieved by means of nursery closures, even if the overall fishing effort in the area remains stable. accordingly, a series of strategically designed areas of trawling closures could significantly improve the resource conditions of demersal fisheries in the strait of sicily, also supporting sustainable economic returns for fishermen if not applied simultaneously for different species.",10.1371/journal.pone.0086222,1.0
Structural and Functional Changes in Artificial Reefs Ecosystem Stressed by Trophic Modelling Approach: Case Study in the Bay of Biscay,"Artificial reefs (ars) are commonly cited as a tool used for increasing fishery production and reinstating ecosystem functionalities. the assessment of ars deployment is mostly based on analysis of the evolution of fish communities. recently, studies have focused on trophic modelling to understand the functioning of such ecosystems in a more holistic approach. trophic models are able to address this concern by describing the interaction between species at different trophic levels and based on the quantification of energy and matter flows through ecosystems. these models allow the application of numerical methods - also called ecological network analysis (ena) - to characterize emergent properties of the ecosystem. usually, ena indices are proposed as indicators of ecosystem health as they are sensitive to different impacts on marine ecosystems. in the present study, the ecopath software is used to build an ecosystem model composed of 23 compartments, from detritus and phytoplankton to mammals, to describe the situation ""before""and ""after""the deployment of ars in the south of the bay of biscay along the landes coast. in addition, ena indices are calculated for two periods, ""before""and ""after""the deployment of artificial reefs, to compare network functioning and the overall properties of the structural trophic network. our results show little structural change in the ecosystem, with a rearrangement of the trophic levels and a simultaneous increase in biomass and system maturity. these preliminary results evidently need to be confronted with other environmental factors such as, for instance, substrate composition, proximity to natural reefs and larval supply. nonetheless, we consider that the maturity index could be used as a new indicator to assess the evolution of ars with specific management objectives.& copy; 2023 elsevier b.v. all rights reserved.",10.1016/j.rsma.2023.103100,1.0
Nest-Site Preferences of Eleonora's Falcon (Falco Eleonorae) on Uninhabited Islets of the Aegean Sea using Gis and Species Distribution Models,"Eleonora's falcon breeds colonially on small islands of the mediterranean sea and macaronesia. despite the wealth of papers highlighting the importance of nesting characteristics on this species' breeding performance, few have addressed the issue of nest-site selection explicitly. in this paper, we develop presence-absence and presence-pseudoabsence models to predict nest occurrence as a function of the topography of the nesting territory. nest occurrence data were available for nine uninhabited islets of the aegean sea, within which the majority of the global population of eleanora's falcon is encountered. our findings suggest that the presence of conspecifics together with certain topographic features according to the surface area of the islet being studied can be used to predict nest occurrence on uninhabited islets of the aegean sea. we conclude that predictive models characterized by flexibility and/or the use of absence data that also consider nest clustering can result in robust predictions of the nest occurrence of eleonora's falcons in greek breeding colonies and eventually facilitate future monitoring schemes. since this is the first time nest-site preferences of eleonora's falcon have been analyzed using species distribution models, we encourage the application of similar methodologies to other areas within the species' breeding range to further validate our findings.",10.1007/s10336-011-0784-0,0.0
Environmental Variability and Fisheries: What can Models Do?,"This review is based on 58 climate-fisheries models published over the last 28 years that describe the impacts of fishery pressure and environmental variability on populations and ecosystems and include basic principles of population dynamics. it points out that the incorporation of environmental factors in fishery models has already been done and is of great importance for future models used in the assessment of marine resources. the work is guided by the questions to what extent have these models a) enhanced our understanding of the interrelationships between the environment, the fishery and the state of the exploited resources and b) helped to improve the prediction of population dynamics and the assessment of marine resources. for each of the six most commonly used model categories a case study is critically analyzed. the problems of ""breaking relationships"" between environmental factors and the biological response used in models, the trade-off between model complexity (realism) and simplicity (data availability) and the potential of multivariate climate indices for forecasting ecosystem states and for use as proxies for combined models are discussed, as are novel non-linear and spatially explicit modeling approaches. approaches differ in terms of model complexity, use of linear or non-linear equations, number of parameters, forecast time horizon and type of resource modelled. a majority of the models were constructed for fish and invertebrate stocks of the northeast pacific and the epicontinental seas of the atlantic, reflecting the advancement of fisheries science in these regions. new, in parts highly complex models and sophisticated approaches were identified. the reviewed studies demonstrate that the performance of fished stocks can better be described if environmental or climatic variability is incorporated into the fisheries models. we conclude that due to the already available knowledge, the greatly enhanced computer power, new methods and recent findings of large-scale climatic/oceanographic cycles, fisheries modeling should progress greatly in the coming years.",10.1007/s11160-007-9075-5,1.0
